16250,2011-03-23,24,0
15574,2011-06-15,168,0
15555,2011-11-27,925,0
15271,2011-12-02,275,0
17714,2011-01-23,10,0
17686,2011-12-02,286,0
13865,2011-10-12,30,0
14157,2011-11-20,49,0
13610,2011-11-27,228,0
13772,2011-11-06,177,0
13282,2011-11-21,40,0
12394,2011-10-07,27,0
16320,2011-06-20,56,0
13192,2011-09-05,63,0
14887,2011-09-21,6,0
17506,2011-09-30,16,0
17427,2011-09-29,2,0
18130,2011-12-01,71,0
16504,2011-11-14,86,0
15269,2011-11-16,2,0
12847,2011-11-17,91,0
15634,2011-11-22,15,0
14204,2011-12-07,44,0
17757,2011-12-08,742,0
17551,2010-12-15,43,0
13187,2011-01-06,37,0
16549,2011-11-29,981,0
12637,2011-10-03,394,0
15052,2011-01-24,30,0
15448,2011-01-31,28,0
13985,2011-12-05,353,0
12888,2011-05-09,7,0
16639,2011-11-14,52,0
17866,2011-07-20,10,0
15947,2011-09-18,29,0
14218,2011-10-28,12,0
14974,2011-11-02,21,0
17835,2011-12-07,61,0
15539,2011-12-02,41,0
14525,2011-12-01,298,0
18283,2011-12-06,756,0
13107,2011-10-26,60,0
16303,2011-11-14,167,0
17256,2011-08-24,16,0
16027,2011-09-09,17,0
12811,2011-03-24,31,0
16619,2011-03-31,16,0
17438,2011-04-06,19,0
14000,2011-05-17,16,0
13395,2011-06-07,21,0
15041,2011-06-22,67,0
17024,2011-10-25,3,0
14552,2011-07-11,58,0
12750,2011-08-03,15,0
16340,2011-08-24,153,0
13866,2011-09-26,7,0
15478,2011-10-30,46,0
16413,2011-10-14,31,0
13460,2011-11-10,17,0
18276,2011-11-18,16,0
17839,2011-10-28,56,0
17901,2011-11-10,19,0
13170,2011-11-13,32,0
15435,2011-11-17,29,0
13174,2011-11-23,314,0
13027,2011-08-18,26,0
12957,2011-12-05,244,0
17128,2011-01-09,14,0
14439,2011-01-24,32,0
13133,2011-03-11,7,0
18211,2011-11-14,42,0
15433,2011-09-21,53,0
16253,2011-11-08,124,0
17886,2011-11-08,109,0
13122,2011-09-06,55,0
17718,2011-04-21,6,0
14340,2011-05-05,6,0
14697,2011-05-05,22,0
14649,2011-12-05,199,0
12710,2011-09-04,79,0
17715,2011-05-23,1,0
14963,2011-11-30,198,0
12816,2011-09-05,29,0
17660,2011-07-21,45,0
13805,2011-10-18,13,0
17584,2011-12-02,36,0
16093,2011-08-25,1,0
15277,2011-10-24,12,0
17545,2011-10-27,145,0
17947,2011-11-02,9,0
14810,2011-10-30,255,0
16654,2011-07-21,31,0
17491,2011-12-08,110,0
17917,2011-10-25,94,0
14639,2011-10-18,175,0
17375,2011-06-02,71,0
18106,2011-01-14,39,0
13700,2011-11-13,197,0
16133,2011-12-06,365,0
13655,2011-08-17,56,0
15829,2011-09-01,51,0
13276,2011-10-07,30,0
17481,2011-12-06,83,0
15488,2011-09-08,2,0
13429,2011-11-29,67,0
15553,2011-10-10,56,0
16826,2011-10-19,22,0
17274,2011-11-04,27,0
16185,2011-11-23,31,0
14861,2011-10-18,6,0
17855,2010-12-02,17,0
15107,2011-02-01,20,0
14443,2011-10-17,98,0
12386,2011-01-06,10,0
13672,2011-02-11,16,0
18161,2011-11-29,81,0
17507,2011-03-23,88,0
14227,2011-11-13,183,0
14267,2011-07-12,66,0
13571,2011-11-27,341,0
16031,2011-09-08,100,0
16131,2011-10-19,78,0
17930,2011-11-04,39,0
14116,2011-11-20,72,0
14432,2011-11-30,382,0
15343,2011-09-13,21,0
14164,2011-09-30,29,0
12789,2011-10-05,4,0
17403,2011-11-03,33,0
12508,2011-11-13,69,0
17100,2011-11-21,65,0
14353,2011-05-08,6,0
14236,2011-09-20,15,0
17211,2011-11-13,213,0
13030,2011-11-28,99,0
14618,2011-11-30,17,0
14896,2011-05-19,43,0
17744,2011-12-06,137,0
17033,2011-09-14,28,0
18223,2011-12-08,299,0
15845,2011-11-22,140,0
13451,2011-11-13,444,0
12643,2011-08-03,24,0
12437,2011-12-08,201,0
14114,2011-03-11,15,0
13929,2011-06-23,10,0
14701,2011-11-29,350,0
15203,2011-11-14,142,0
15114,2011-11-09,197,0
17348,2011-11-25,215,0
13851,2011-09-05,81,0
13512,2011-03-24,15,0
17946,2011-04-20,20,0
15103,2011-11-08,35,0
13352,2011-12-02,27,0
12531,2011-11-25,17,0
15100,2011-01-13,6,0
13065,2010-12-01,14,0
16510,2010-12-02,13,0
13520,2011-10-12,95,0
16255,2011-11-23,274,0
17303,2010-12-13,53,0
14672,2011-04-19,61,0
16085,2011-11-16,167,0
13328,2011-01-27,17,0
14659,2011-12-01,259,0
16980,2011-03-29,87,0
13636,2011-11-03,64,0
16668,2011-11-24,20,0
12881,2011-03-09,7,0
12937,2011-11-24,120,0
14232,2011-11-08,118,0
14958,2011-07-15,42,0
14868,2011-12-06,147,0
17898,2011-09-15,28,0
15412,2011-06-21,10,0
13116,2011-08-14,31,0
14331,2011-08-07,28,0
12680,2011-12-09,52,0
13889,2011-09-08,15,0
12498,2011-11-18,23,0
16597,2011-12-05,7,0
12763,2011-07-24,18,0
13126,2011-12-05,142,0
17179,2011-06-14,80,0
12944,2011-11-04,30,0
14460,2011-08-21,17,0
15874,2011-10-07,137,0
12408,2011-11-07,113,0
17160,2011-11-08,229,0
14105,2011-09-15,76,0
15210,2011-04-28,20,0
15014,2011-10-27,35,0
13563,2011-09-16,49,0
15801,2011-10-24,69,0
15348,2011-09-28,9,0
18059,2011-11-30,21,0
17014,2011-12-01,75,0
12420,2011-10-07,29,0
15006,2011-10-19,144,0
17623,2011-11-07,33,0
12838,2011-11-06,123,0
15899,2010-12-06,4,0
16705,2011-12-09,284,0
16735,2011-09-22,128,0
12778,2011-11-20,51,0
17704,2011-06-24,31,0
13735,2011-11-15,208,0
17423,2011-10-25,28,0
14387,2011-11-07,140,0
15492,2011-11-11,35,0
16561,2011-12-04,31,0
12454,2011-10-17,30,0
13986,2011-11-22,13,0
14836,2011-11-29,6,0
17884,2011-12-06,117,0
16519,2011-11-14,13,0
16503,2011-08-25,86,0
16401,2011-12-08,198,0
16918,2011-10-21,130,0
15065,2011-11-02,158,0
16389,2011-10-17,35,0
16626,2011-12-09,184,0
13592,2011-11-04,16,0
14984,2011-11-20,41,0
12919,2011-12-01,52,0
17779,2011-11-18,84,0
16139,2011-11-21,31,0
14217,2011-12-08,107,0
13246,2011-11-21,143,0
14776,2011-10-19,134,0
18138,2011-02-17,8,0
18114,2011-02-22,28,0
18224,2011-03-21,10,0
15223,2011-04-28,32,0
17932,2011-11-10,90,0
17900,2011-06-28,11,0
15895,2011-07-13,11,0
15608,2011-11-11,60,0
14317,2011-10-06,24,0
14904,2011-12-07,69,0
17904,2011-11-18,39,0
17383,2011-12-05,51,0
15350,2010-12-01,5,0
12472,2011-11-09,391,0
15235,2011-05-06,143,0
18113,2010-12-06,1,0
16081,2011-10-14,227,0
17671,2011-11-24,61,0
13999,2011-11-29,212,0
13144,2011-01-11,3,0
17769,2011-11-27,313,0
17774,2011-09-04,157,0
12955,2011-12-08,183,0
16097,2011-04-13,10,0
13952,2011-05-12,138,0
18248,2011-08-18,49,0
17759,2011-11-22,95,0
13937,2011-06-23,9,0
15802,2011-07-20,3,0
13244,2011-09-08,27,0
17846,2011-09-15,1,0
16527,2011-09-19,14,0
12425,2011-09-22,36,0
15790,2011-11-29,35,0
12808,2011-11-03,28,0
12913,2011-12-05,50,0
12429,2011-11-30,97,0
15211,2011-10-10,52,0
14790,2011-11-23,46,0
13232,2011-11-27,207,0
13120,2011-04-15,1,0
12380,2011-11-18,105,0
16342,2011-09-25,15,0
16869,2011-11-17,129,0
14795,2011-06-26,6,0
17031,2011-11-28,22,0
15623,2011-07-21,19,0
17777,2011-11-15,194,0
17119,2011-12-06,38,0
15368,2011-11-18,4,0
12479,2011-12-06,35,0
14210,2011-09-09,103,0
16779,2011-12-07,344,0
17790,2011-11-13,190,0
14737,2011-12-06,17,0
14295,2011-10-30,7,0
17652,2011-11-14,270,0
13821,2011-07-18,59,0
16966,2011-12-01,31,0
16121,2011-10-13,212,0
14722,2011-07-15,29,0
13079,2011-12-05,6,0
17004,2011-10-24,44,0
12756,2011-09-14,4,0
14757,2011-09-25,19,0
13960,2011-11-18,12,0
15949,2011-11-23,19,0
15837,2011-10-06,24,0
15168,2011-11-14,5,0
17793,2011-11-14,58,0
15544,2011-12-01,261,0
12967,2011-12-06,33,0
13769,2011-12-07,143,0
15180,2010-12-07,6,0
14419,2011-11-29,206,0
17220,2011-11-15,472,0
17071,2011-12-01,148,0
15071,2011-09-07,26,0
17138,2011-03-09,24,0
16386,2011-11-11,88,0
13059,2011-04-04,8,0
13404,2011-12-08,11,0
16690,2011-10-27,13,0
15306,2011-10-06,58,0
16178,2011-07-24,8,0
15494,2011-11-18,125,0
16978,2011-09-23,39,0
13806,2011-10-07,10,0
13419,2011-10-07,16,0
13938,2011-11-04,7,0
17977,2011-11-10,21,0
13160,2011-11-17,4,0
12603,2011-11-18,3,0
18174,2011-12-02,1,0
13178,2011-11-13,265,0
13304,2010-12-23,21,0
16748,2011-11-22,69,0
14090,2011-01-19,1,0
15365,2011-11-14,151,0
17619,2011-01-31,77,0
14127,2011-08-09,44,0
13018,2011-11-23,459,0
15388,2011-03-14,10,0
15047,2011-03-15,22,0
16698,2011-04-27,5,0
16144,2011-04-07,1,0
17746,2011-04-19,8,0
13989,2011-10-05,41,0
12733,2011-04-19,22,0
13833,2011-07-03,29,0
16322,2011-12-08,37,0
15127,2011-10-05,16,0
15012,2011-10-17,128,0
17961,2011-11-18,249,0
15353,2011-03-30,63,0
18178,2011-08-18,99,0
13148,2011-11-10,347,0
14159,2011-11-20,1212,0
16003,2011-11-10,103,0
13033,2010-12-17,11,0
13782,2011-11-27,115,0
12402,2011-01-20,11,0
12935,2011-12-07,130,0
16943,2011-05-12,33,0
17311,2011-09-22,55,0
13309,2011-12-02,107,0
14897,2011-12-02,55,0
12407,2011-10-21,77,0
16643,2011-04-08,27,0
16756,2011-05-09,13,0
14681,2011-09-29,7,0
13589,2011-11-25,21,0
16200,2011-12-05,179,0
14400,2011-07-21,26,0
12917,2011-08-03,2,0
13375,2011-09-19,38,0
17836,2011-10-23,24,0
12532,2011-11-09,16,0
17461,2011-11-17,111,0
12747,2011-12-07,103,0
12766,2011-12-06,310,0
17288,2011-11-30,142,0
16271,2011-12-07,134,0
12651,2011-01-09,9,0
13634,2011-11-06,188,0
14450,2011-06-12,40,0
12559,2011-02-02,22,0
17088,2011-11-11,115,0
14731,2011-10-23,45,0
17464,2011-07-04,9,0
15505,2011-10-18,99,0
14076,2011-08-02,46,0
16582,2011-08-18,6,0
16141,2011-09-12,30,0
14967,2011-10-21,6,0
15275,2011-11-08,42,0
15156,2011-12-08,55,0
15153,2011-11-08,22,0
12795,2011-11-21,14,0
17976,2010-12-02,65,0
12797,2010-12-14,17,0
17251,2010-12-12,39,0
18179,2011-11-30,90,0
16573,2011-09-27,46,0
17535,2011-03-04,13,0
14476,2011-03-27,19,0
18064,2011-07-29,7,0
16149,2011-12-05,18,0
13441,2011-09-09,13,0
17433,2011-09-12,54,0
12566,2011-09-28,20,0
14582,2011-10-30,6,0
16284,2011-11-08,109,0
16098,2011-09-13,67,0
14708,2011-12-07,29,0
16306,2011-05-10,44,0
16458,2011-12-07,202,0
12665,2011-01-19,4,0
14715,2011-11-15,71,0
17364,2011-12-09,414,0
13171,2011-12-01,48,0
12852,2011-02-22,20,0
13932,2011-02-18,16,0
15121,2011-10-20,28,0
15249,2011-11-08,358,0
14957,2011-03-31,12,0
13626,2011-04-01,19,0
17436,2011-12-08,9,0
15238,2011-11-10,52,0
18281,2011-06-12,7,0
13343,2011-06-20,22,0
12830,2011-11-02,39,0
15511,2011-11-28,160,0
12403,2011-10-21,6,0
15728,2011-10-21,4,0
13447,2011-11-16,62,0
13596,2011-12-04,166,0
16986,2011-11-10,3,0
13491,2011-10-19,86,0
14081,2011-03-17,156,0
17404,2011-12-05,201,0
14895,2011-12-02,506,0
15864,2011-11-17,24,0
12993,2011-11-16,27,0
14530,2011-11-14,216,0
15572,2011-12-05,215,0
15554,2011-03-07,14,0
12614,2011-03-07,20,0
13026,2011-12-08,43,0
12949,2011-11-09,219,0
15791,2011-10-27,76,0
15852,2011-06-06,22,0
14241,2011-06-09,10,0
15746,2011-07-28,29,0
17451,2011-12-08,107,0
14951,2011-09-21,20,0
12925,2011-12-05,45,0
13006,2011-10-14,4,0
14554,2011-11-29,216,0
15467,2011-11-30,53,0
13941,2011-11-18,47,0
16161,2011-12-08,502,0
12683,2011-12-05,362,0
15998,2011-11-03,509,0
14657,2011-11-22,127,0
14428,2011-12-02,148,0
13141,2011-09-16,136,0
14745,2011-08-19,70,0
13884,2011-12-02,60,0
14507,2011-11-16,98,0
12994,2011-12-05,73,0
13591,2011-10-06,58,0
17921,2011-10-06,145,0
12831,2011-03-22,9,0
12701,2011-09-21,53,0
13242,2011-08-19,13,0
17750,2011-12-04,193,0
14720,2011-12-04,37,0
16603,2011-09-26,34,0
14824,2011-11-29,29,0
13372,2011-09-11,23,0
13177,2011-10-06,17,0
17453,2011-11-22,19,0
13028,2011-11-17,47,0
14020,2011-11-23,39,0
13091,2011-11-18,24,0
13138,2011-11-17,63,0
16168,2011-11-29,99,0
14667,2011-11-29,576,0
13531,2011-05-18,22,0
12785,2011-12-07,15,0
15759,2011-05-05,7,0
15938,2011-08-19,18,0
17376,2011-09-30,24,0
12754,2011-04-18,65,0
15676,2011-11-30,216,0
12866,2011-03-01,26,0
14924,2011-04-08,10,0
17058,2011-09-19,62,0
17630,2011-06-23,26,0
16965,2011-04-27,26,0
13229,2011-04-28,10,0
15063,2011-05-10,5,0
15333,2011-05-15,16,0
13147,2011-11-29,4,0
12832,2011-11-07,27,0
17350,2011-12-01,72,0
15814,2011-12-06,74,0
15830,2011-11-10,41,0
16856,2011-11-25,2,0
14082,2010-12-10,29,0
17897,2011-06-20,115,0
14135,2011-12-08,134,0
15732,2011-05-11,14,0
13029,2011-11-09,10,0
18069,2011-11-13,472,0
18008,2011-09-30,30,0
16109,2011-05-05,18,0
16434,2011-11-10,109,0
14481,2011-06-28,30,0
18086,2011-03-10,7,0
14619,2011-04-14,22,0
16933,2011-12-08,49,0
13990,2011-05-10,16,0
17658,2011-11-29,23,0
17556,2011-05-18,6,0
15663,2011-08-25,9,0
15739,2011-10-04,8,0
13260,2011-10-09,8,0
15043,2011-11-08,3,0
16552,2011-04-11,17,0
16244,2011-05-12,91,0
12347,2011-12-07,182,0
17655,2011-11-29,93,0
14150,2011-11-04,26,0
14309,2011-12-01,123,0
14653,2011-12-08,237,0
16424,2011-06-01,6,0
12970,2011-12-02,151,0
14636,2011-11-03,28,0
13060,2011-03-31,15,0
16170,2011-10-20,127,0
16399,2011-11-20,73,0
16545,2011-06-28,3,0
16734,2011-10-18,53,0
12968,2011-08-19,5,0
12518,2011-12-09,124,0
13808,2011-12-04,76,0
16820,2011-09-05,26,0
16485,2011-09-23,42,0
16903,2011-11-10,60,0
14382,2011-11-13,131,0
14300,2011-11-21,3,0
17379,2011-11-28,83,0
13270,2010-12-08,1,0
14987,2011-11-24,4,0
12413,2011-10-04,40,0
15607,2011-01-07,13,0
14175,2011-10-19,164,0
12775,2011-11-22,67,0
17537,2011-11-10,75,0
17749,2011-06-14,35,0
17594,2011-09-15,50,0
13548,2011-09-04,124,0
14198,2011-12-05,44,0
15172,2011-12-01,110,0
12840,2011-07-19,116,0
13835,2011-11-14,55,0
16266,2011-09-27,61,0
14847,2011-07-14,13,0
14100,2011-07-25,26,0
15105,2011-11-21,101,0
13860,2011-12-08,77,0
16480,2011-09-25,53,0
17233,2011-11-04,25,0
13532,2011-11-06,66,0
17908,2010-12-01,58,0
17377,2011-11-16,419,0
15738,2011-11-21,176,0
17552,2011-10-28,51,0
18077,2011-12-01,227,0
13021,2011-12-05,134,0
18065,2011-12-04,138,0
12782,2011-12-05,107,0
13313,2011-11-17,78,0
13764,2011-09-30,208,0
15569,2011-08-28,31,0
14130,2011-01-24,67,0
17314,2011-11-15,136,0
13539,2011-09-15,38,0
18084,2011-11-23,2,0
16913,2011-02-22,8,0
16212,2011-11-20,43,0
13956,2011-12-04,152,0
14272,2011-09-27,33,0
16325,2011-10-26,20,0
16258,2011-10-25,135,0
13258,2011-11-28,38,0
15314,2011-05-24,24,0
14891,2011-07-14,33,0
12409,2011-09-22,114,0
12397,2011-11-04,126,0
13350,2011-11-23,43,0
12371,2011-10-26,63,0
17313,2011-11-22,28,0
15654,2011-11-30,21,0
18058,2011-11-30,3,0
14395,2011-12-07,353,0
15602,2011-12-01,54,0
17676,2011-12-05,79,0
17002,2011-09-27,50,0
15234,2011-03-08,14,0
15625,2011-08-31,68,0
16942,2011-11-27,283,0
17384,2011-11-20,15,0
12684,2011-12-02,105,0
16753,2011-10-12,34,0
14089,2011-10-14,14,0
15022,2011-11-28,135,0
14539,2011-11-24,32,0
16680,2011-10-27,10,0
15870,2011-11-07,76,0
16204,2011-11-16,57,0
16535,2011-12-04,31,0
16752,2010-12-02,9,0
15005,2011-11-24,1160,0
15503,2010-12-12,70,0
16892,2011-12-08,101,0
14644,2011-11-30,29,0
13044,2011-02-21,33,0
15381,2011-05-10,8,0
14758,2011-07-18,71,0
16837,2011-11-08,166,0
15237,2011-12-08,99,0
18150,2011-11-07,37,0
12715,2011-08-25,21,0
13755,2011-12-06,343,0
17802,2011-09-18,147,0
12971,2011-12-06,308,0
12647,2011-11-17,128,0
16422,2011-11-22,399,0
14479,2011-03-31,18,0
17692,2011-08-04,47,0
14669,2011-04-12,170,0
13345,2011-03-08,22,0
14041,2011-03-18,21,0
13239,2011-03-23,22,0
15528,2011-03-30,26,0
17268,2011-08-24,6,0
15214,2011-12-08,110,0
12732,2011-06-13,12,0
13483,2011-10-05,10,0
17614,2011-10-13,100,0
15720,2011-11-15,128,0
14349,2011-11-29,31,0
14680,2011-11-14,320,0
14739,2011-12-07,61,0
13329,2011-11-08,19,0
13327,2011-11-01,109,0
17990,2011-04-17,29,0
17189,2011-08-25,61,0
16771,2011-11-06,255,0
15910,2011-12-09,267,0
13552,2011-10-04,121,0
14676,2011-11-08,44,0
14854,2011-09-22,131,0
12355,2011-05-09,13,0
14691,2011-11-09,71,0
14038,2011-09-22,93,0
15253,2011-11-23,55,0
13994,2011-12-06,155,0
12864,2011-07-24,3,0
15272,2011-10-13,63,0
13247,2011-11-22,25,0
17466,2011-11-29,41,0
14528,2011-11-02,18,0
15692,2011-11-11,12,0
15458,2011-11-14,7,0
13255,2011-12-06,14,0
14409,2011-09-29,55,0
16365,2011-11-22,51,0
15159,2011-12-08,720,0
15312,2011-09-25,48,0
14662,2011-11-11,168,0
15270,2011-11-24,48,0
16992,2011-11-29,95,0
13208,2011-10-12,150,0
17162,2011-11-11,105,0
12372,2011-09-29,52,0
14036,2011-02-28,38,0
14693,2011-03-20,8,0
17883,2011-12-06,145,0
16193,2011-04-17,19,0
17631,2011-12-08,39,0
12535,2011-09-09,34,0
15578,2011-06-30,13,0
13681,2011-11-22,57,0
18222,2011-09-08,19,0
12640,2011-11-16,53,0
16052,2011-10-16,34,0
16884,2011-11-02,26,0
17608,2011-11-06,59,0
15621,2011-12-05,18,0
17290,2011-12-06,102,0
17727,2011-11-30,67,0
12738,2010-12-02,11,0
15880,2010-12-05,106,0
13599,2011-12-08,264,0
15945,2010-12-09,2,0
13473,2011-10-10,22,0
12523,2011-12-08,110,0
12924,2011-09-12,31,0
13955,2011-07-08,33,0
18068,2011-02-23,1,0
17164,2011-11-07,145,0
15980,2011-09-12,43,0
13995,2011-11-24,87,0
14503,2011-12-06,164,0
12384,2011-11-11,30,0
15475,2011-09-23,29,0
16594,2011-09-25,53,0
14642,2011-10-12,2,0
13471,2011-12-08,260,0
16516,2011-11-09,6,0
17237,2011-11-28,19,0
14601,2011-11-29,7,0
14126,2011-12-02,16,0
14291,2011-12-08,238,0
15039,2011-11-30,1508,0
17041,2011-11-13,71,0
15615,2011-11-29,429,0
15160,2010-12-17,4,0
13161,2011-01-30,8,0
12842,2011-09-30,34,0
17422,2011-11-23,135,0
13973,2011-02-25,11,0
15636,2011-09-11,25,0
12456,2011-10-26,129,0
17394,2011-05-04,4,0
15258,2011-06-24,34,0
17176,2011-05-22,15,0
13546,2011-11-27,98,0
17265,2011-07-24,127,0
12492,2011-10-07,20,0
15593,2011-09-30,5,0
17330,2011-11-17,6,0
12827,2011-12-04,25,0
16887,2011-11-04,37,0
14849,2011-11-18,392,0
15808,2011-02-06,210,0
13094,2011-11-18,30,0
15101,2011-12-01,9,0
12666,2010-12-15,2,0
17064,2011-10-12,62,0
17255,2011-10-30,78,0
17092,2011-10-20,125,0
14936,2011-11-30,366,0
17928,2011-10-25,23,0
12656,2011-11-22,130,0
17854,2011-06-07,15,0
13658,2011-11-30,112,0
16526,2011-06-21,15,0
14383,2011-11-01,59,0
17958,2011-08-15,7,0
16211,2011-09-19,24,0
12612,2011-10-13,21,0
16921,2011-10-09,60,0
14139,2011-10-24,26,0
12430,2011-10-27,11,0
17538,2011-11-14,9,0
15907,2011-12-06,249,0
16988,2011-12-04,7,0
16186,2011-11-17,219,0
16754,2010-12-02,2,0
13506,2011-01-31,29,0
13369,2010-12-20,19,0
14401,2011-12-05,183,0
16145,2011-12-01,237,0
18260,2011-06-20,140,0
17593,2011-12-06,215,0
13873,2011-08-12,24,0
16842,2011-10-06,64,0
14477,2011-11-20,11,0
15990,2011-10-26,52,0
14235,2011-11-29,80,0
13841,2011-04-01,1,0
17758,2011-11-20,412,0
13657,2011-11-29,16,0
17124,2011-06-07,32,0
15839,2011-11-14,65,0
12438,2011-11-25,98,0
12729,2011-08-18,26,0
16796,2011-09-11,18,0
14485,2011-11-01,47,0
14354,2011-12-04,9,0
15658,2011-06-02,56,0
17228,2011-11-24,208,0
15894,2011-03-31,41,0
14907,2011-12-06,168,0
17097,2011-12-07,213,0
14290,2011-11-28,103,0
17923,2011-03-02,1,0
15125,2011-11-14,140,0
17250,2011-12-06,57,0
14628,2011-09-09,24,0
15134,2011-11-25,73,0
12354,2011-04-21,58,0
14583,2011-12-04,330,0
14705,2011-05-25,1,0
14338,2011-07-04,34,0
15679,2011-11-15,110,0
17536,2011-06-15,3,0
14222,2011-06-15,41,0
12444,2011-11-18,177,0
13291,2011-07-07,42,0
13366,2011-10-20,1,0
13978,2011-11-25,15,0
14641,2011-11-18,7,0
17025,2011-10-10,9,0
17613,2011-11-17,319,0
17472,2011-06-01,181,0
13151,2011-05-20,75,0
13085,2011-07-05,29,0
14379,2011-10-26,46,0
13489,2011-08-26,14,0
15974,2011-10-31,177,0
15424,2011-03-30,17,0
14149,2011-05-11,40,0
12976,2011-05-12,22,0
14280,2011-05-27,8,0
15252,2011-11-03,44,0
16450,2011-07-13,11,0
13813,2011-10-31,71,0
12688,2011-08-18,171,0
15417,2011-09-15,28,0
14381,2011-10-18,56,0
12357,2011-11-06,131,0
17254,2011-12-05,112,0
15394,2011-11-30,85,0
14329,2011-12-01,269,0
14976,2011-10-13,73,0
15236,2011-02-14,15,0
15670,2011-02-16,12,0
12834,2011-03-02,18,0
15393,2011-11-23,12,0
15206,2011-11-29,9,0
16976,2011-03-17,2,0
12545,2011-09-25,50,0
18273,2011-12-07,3,0
13752,2011-08-07,76,0
14700,2011-11-07,115,0
14853,2011-12-01,10,0
14489,2011-05-16,30,0
12883,2011-11-15,42,0
15533,2011-11-20,86,0
17919,2011-09-12,23,0
17564,2011-11-15,49,0
14184,2011-10-04,24,0
16380,2011-10-09,32,0
13522,2011-11-09,5,0
12433,2011-12-09,420,0
14237,2010-12-01,9,0
12395,2011-11-24,159,0
17860,2010-12-06,58,0
17706,2011-12-05,395,0
13240,2011-09-04,67,0
17696,2011-11-01,126,0
14185,2011-01-12,3,0
14520,2011-12-08,4,0
13934,2011-03-21,31,0
13235,2011-05-12,59,0
15826,2011-10-19,69,0
12516,2011-09-23,26,0
14808,2011-10-31,256,0
12833,2011-07-17,24,0
15154,2011-09-26,92,0
15576,2011-11-02,45,0
13017,2011-12-02,1,0
17572,2011-09-29,12,0
15601,2011-11-28,414,0
14449,2011-11-21,258,0
16710,2011-11-20,402,0
17857,2011-12-06,56,0
15797,2011-08-18,8,0
14304,2011-05-01,27,0
13157,2011-10-21,89,0
17654,2011-03-07,22,0
13358,2011-03-16,29,0
14286,2011-11-16,285,0
14271,2011-04-28,10,0
14199,2011-05-05,2,0
12493,2011-06-27,23,0
14687,2011-08-25,15,0
18200,2011-08-25,32,0
14929,2011-11-07,11,0
13428,2011-11-29,74,0
14219,2011-12-05,7,0
14496,2011-02-01,19,0
13090,2011-12-01,161,0
14565,2011-09-05,129,0
14643,2011-06-22,34,0
12480,2011-11-11,154,0
16730,2011-10-18,84,0
16767,2011-11-09,222,0
13600,2011-01-31,19,0
14504,2011-10-23,107,0
15201,2011-09-22,97,0
13950,2011-11-28,36,0
12506,2011-04-21,23,0
15489,2011-11-17,55,0
15850,2011-11-20,97,0
17640,2011-09-14,5,0
17321,2011-12-01,107,0
17914,2011-12-06,80,0
,2011-12-09,135080,0
15307,2011-09-05,12,0
18144,2011-12-02,43,0
15392,2011-12-05,85,0
16316,2011-10-06,156,0
15703,2011-03-20,5,0
17505,2011-07-01,52,0
15051,2011-11-16,143,0
15374,2011-08-03,3,0
16536,2011-08-24,56,0
14050,2011-11-08,54,0
18055,2011-12-02,363,0
15854,2011-12-05,140,0
15527,2011-11-21,166,0
17859,2011-02-08,25,0
12541,2011-11-10,52,0
15944,2011-03-08,6,0
14075,2011-12-05,43,0
18078,2011-05-06,29,0
15655,2011-04-20,37,0
13101,2011-04-19,8,0
16055,2011-05-03,8,0
17443,2011-05-04,1,0
17263,2011-05-15,23,0
13296,2011-07-25,5,0
16723,2011-09-09,43,0
13127,2011-09-23,15,0
15787,2011-11-13,206,0
15994,2011-10-16,35,0
18067,2011-10-30,37,0
12638,2011-11-06,39,0
17038,2011-11-09,22,0
13332,2011-11-25,21,0
15992,2011-12-06,3,0
12682,2011-12-06,525,0
15192,2011-08-12,51,0
17611,2011-12-06,582,0
16954,2011-12-09,54,0
13092,2011-09-30,26,0
13368,2011-03-28,29,0
13815,2011-11-17,177,0
17082,2011-11-06,81,0
16182,2011-09-28,28,0
15241,2011-10-04,111,0
16678,2011-12-07,170,0
17770,2011-05-25,38,0
13476,2011-06-14,61,0
15178,2011-03-24,3,0
15768,2011-08-16,28,0
17414,2011-10-27,6,0
17331,2011-08-08,1,0
14108,2011-11-09,35,0
15239,2011-11-29,52,0
16653,2011-11-23,76,0
16127,2011-10-31,40,0
15513,2011-11-08,314,0
17735,2011-12-07,690,0
17870,2011-12-07,280,0
15279,2010-12-20,21,0
17618,2011-12-04,78,0
15204,2010-12-17,9,0
17849,2011-05-05,26,0
17365,2011-11-27,468,0
14770,2011-04-21,52,0
12854,2011-09-22,115,0
14760,2011-02-18,7,0
13931,2011-09-15,59,0
15806,2011-10-24,31,0
14407,2011-08-24,76,0
13654,2011-10-27,166,0
15800,2011-08-24,119,0
14246,2011-08-21,75,0
15042,2011-05-24,5,0
17386,2011-12-02,28,0
16924,2011-11-18,89,0
17480,2011-09-27,31,0
17737,2011-11-30,10,0
12349,2011-11-21,73,0
15291,2011-11-14,109,0
12649,2011-08-24,33,0
12989,2011-12-06,68,0
12691,2011-11-11,32,0
13859,2011-01-17,28,0
14368,2011-01-24,8,0
14341,2011-10-25,130,0
13754,2011-07-11,12,0
16425,2011-02-10,21,0
13870,2011-12-07,118,0
15709,2011-03-01,6,0
15918,2011-06-02,40,0
12613,2011-11-08,163,0
15832,2011-03-30,54,0
17217,2011-04-19,9,0
14819,2011-10-06,13,0
15098,2011-06-10,5,0
16498,2011-07-01,16,0
17693,2011-07-26,18,0
13106,2011-08-03,2,0
12579,2011-09-27,31,0
17513,2011-09-28,6,0
12448,2011-10-26,22,0
15054,2011-11-27,114,0
17831,2011-11-06,2,0
13710,2011-11-08,8,0
17791,2011-11-10,10,0
14788,2011-12-02,30,0
16377,2011-03-17,5,0
15752,2011-10-31,412,0
16931,2011-12-04,898,0
18061,2011-11-18,46,0
14961,2011-11-29,317,0
16470,2011-10-19,171,0
12652,2011-01-21,51,0
14978,2011-09-28,216,0
16222,2011-01-25,137,0
15321,2011-10-21,106,0
15643,2011-06-13,36,0
13382,2011-03-04,15,0
15819,2011-10-21,123,0
16780,2011-08-31,60,0
17601,2011-04-14,9,0
18232,2011-09-19,40,0
12837,2011-06-19,12,0
15389,2011-06-20,1,0
17122,2011-08-12,7,0
13992,2011-11-09,5,0
16433,2011-11-11,17,0
16343,2011-11-23,47,0
17936,2011-12-04,77,0
15827,2011-09-27,134,0
14215,2011-11-28,109,0
16907,2011-11-10,151,0
13000,2011-08-25,31,0
16556,2011-10-04,207,0
16805,2011-06-19,98,0
15460,2010-12-20,58,0
17707,2011-06-07,5,0
15339,2011-10-04,88,0
14248,2011-01-25,8,0
16897,2011-02-13,44,0
14289,2011-12-01,47,0
14915,2011-09-15,13,0
12948,2011-11-23,118,0
14622,2011-06-08,21,0
12904,2011-11-21,72,0
13667,2011-07-13,87,0
12497,2011-09-19,14,0
14427,2011-10-20,17,0
15330,2011-11-07,13,0
15748,2011-10-30,21,0
12588,2011-10-31,10,0
16732,2011-11-08,28,0
15274,2011-12-05,47,0
13145,2011-10-31,7,0
14201,2011-10-10,39,0
16743,2011-11-10,193,0
15780,2011-06-09,29,0
14113,2011-12-06,40,0
18125,2011-11-10,197,0
16515,2011-10-18,113,0
14549,2011-02-01,56,0
12462,2011-12-07,72,0
15590,2011-02-23,1,0
14247,2011-03-06,20,0
16392,2011-03-15,45,0
16214,2011-06-22,44,0
16617,2011-04-18,5,0
17522,2011-12-08,73,0
16184,2011-10-06,46,0
15091,2011-10-17,31,0
12512,2011-10-04,34,0
16914,2011-11-03,38,0
17809,2011-11-23,64,0
17643,2010-12-01,8,0
17460,2011-09-22,37,0
12712,2011-11-17,142,0
17238,2011-12-07,566,0
15889,2011-07-06,93,0
12826,2011-12-07,94,0
13593,2011-08-23,129,0
13162,2011-08-09,82,0
14784,2011-11-13,15,0
14970,2011-10-02,34,0
15755,2011-12-08,149,0
17499,2011-02-23,40,0
16792,2011-03-02,12,0
14483,2011-07-13,10,0
14603,2011-03-10,2,0
16511,2011-11-18,169,0
15376,2011-10-30,117,0
16457,2011-05-05,9,0
15552,2011-05-06,17,0
13213,2011-10-14,92,0
13283,2011-10-11,7,0
17731,2011-09-21,83,0
15313,2011-08-21,1,0
16956,2011-11-30,18,0
16770,2011-10-13,146,0
17059,2011-11-10,516,0
14866,2011-11-29,103,0
17194,2011-03-11,29,0
16134,2011-11-18,38,0
12585,2011-04-19,97,0
12500,2011-11-16,65,0
15171,2011-01-19,7,0
17730,2011-12-06,220,0
15812,2011-08-24,41,0
15781,2011-11-14,21,0
16940,2011-10-18,305,0
14422,2011-12-09,222,0
14844,2011-10-07,130,0
16729,2011-11-03,668,0
12457,2011-10-12,68,0
16637,2011-11-07,72,0
12802,2011-06-09,26,0
18147,2011-10-25,7,0
14141,2011-12-07,46,0
16240,2011-12-01,142,0
18066,2011-09-25,10,0
17344,2011-10-24,32,0
18030,2011-12-05,10,0
17397,2011-11-17,92,0
13070,2011-05-31,9,0
13113,2011-12-09,280,0
16367,2011-11-02,130,0
17044,2011-12-01,10,0
15482,2011-11-24,127,0
17913,2011-10-12,59,0
13104,2011-12-06,20,0
14224,2011-08-21,118,0
13405,2011-09-26,27,0
16110,2011-10-25,354,0
18250,2011-02-11,22,0
16808,2011-09-01,23,0
14315,2011-11-18,104,0
17948,2011-07-15,1,0
13877,2011-09-14,3,0
12936,2011-11-22,63,0
16533,2011-11-20,181,0
16793,2011-10-13,16,0
12611,2011-10-18,65,0
14045,2011-08-22,6,0
15240,2011-10-26,83,0
13238,2011-11-28,32,0
17239,2011-01-31,16,0
18226,2011-11-01,245,0
17368,2011-11-16,128,0
13656,2011-06-28,49,0
12672,2011-01-14,10,0
13584,2011-02-06,24,0
14367,2011-12-01,533,0
17783,2011-09-28,67,0
15230,2011-04-14,23,0
13227,2011-05-22,9,0
12704,2011-12-02,90,0
16836,2011-10-31,11,0
13726,2011-11-01,42,0
16017,2011-10-23,32,0
14756,2011-11-24,38,0
15438,2011-07-31,25,0
15640,2011-12-05,495,0
14085,2011-12-07,451,0
17191,2011-11-11,237,0
15179,2011-11-21,95,0
16083,2011-08-31,31,0
13627,2011-10-11,94,0
14623,2011-11-07,135,0
13339,2011-05-23,54,0
13678,2011-07-11,16,0
13621,2011-08-15,19,0
17347,2011-09-14,1,0
13979,2011-09-27,54,0
15526,2011-11-06,4,0
15038,2011-10-27,133,0
17965,2011-11-02,329,0
17526,2011-12-08,23,0
17338,2011-11-22,757,0
15222,2011-01-25,5,0
15967,2011-11-16,84,0
16407,2011-11-27,172,0
17789,2011-03-03,14,0
13299,2011-03-16,5,0
16180,2011-08-31,176,0
12999,2011-05-27,28,0
12463,2011-10-24,88,0
18142,2011-07-11,18,0
18133,2011-05-12,2,0
17434,2011-12-07,138,0
17528,2011-12-08,260,0
13954,2011-12-08,30,0
13690,2011-10-11,9,0
16243,2011-11-06,51,0
13923,2011-10-17,20,0
17206,2011-10-17,7,0
16936,2011-11-14,57,0
17385,2011-11-25,47,0
15318,2011-12-06,33,0
16916,2011-11-16,143,0
15953,2011-11-24,103,0
12494,2011-11-30,84,0
13317,2011-10-06,135,0
17343,2010-12-19,17,0
16094,2011-11-28,67,0
15497,2011-11-22,16,0
16124,2011-01-27,16,0
12502,2011-09-05,147,0
17063,2011-12-01,82,0
12849,2011-11-08,51,0
17698,2011-03-24,8,0
12669,2011-07-12,102,0
13439,2011-03-29,54,0
13988,2011-11-20,239,0
15135,2011-04-20,10,0
14704,2011-11-28,415,0
12627,2011-11-29,230,0
13279,2011-10-06,11,0
15113,2011-11-30,101,0
17197,2011-11-10,29,0
17924,2011-12-08,38,0
16042,2011-11-17,75,0
15823,2011-01-06,17,0
12841,2011-12-05,439,0
13652,2011-10-25,63,0
14733,2011-11-30,216,0
14176,2011-02-15,32,0
17076,2011-11-03,25,0
14220,2011-04-06,21,0
16419,2011-08-19,52,0
15407,2011-11-06,153,0
17843,2011-02-09,37,0
13043,2011-03-31,14,0
15212,2011-04-14,7,0
13762,2011-05-19,14,0
12406,2011-11-17,108,0
18013,2011-07-07,31,0
16474,2011-12-02,368,0
12390,2011-09-21,32,0
13853,2011-12-01,24,0
15977,2011-11-22,65,0
15010,2011-11-04,20,0
14725,2011-11-15,52,0
18257,2011-10-31,123,0
13069,2011-12-09,470,0
14243,2011-12-01,148,0
14560,2011-12-02,76,0
13817,2011-11-10,24,0
14572,2011-12-06,273,0
14782,2011-01-24,6,0
12823,2011-09-26,5,0
15724,2011-05-22,12,0
14740,2011-06-01,93,0
17995,2011-03-03,2,0
15400,2011-09-08,13,0
17795,2011-06-13,46,0
12564,2011-03-23,21,0
14607,2011-11-24,114,0
14852,2011-10-12,143,0
16162,2011-04-01,2,0
12697,2011-11-18,43,0
13277,2011-11-24,8,0
13200,2011-11-20,46,0
16429,2011-08-25,2,0
13727,2011-11-11,20,0
13449,2011-11-16,19,0
14578,2011-12-06,24,0
17069,2011-11-11,154,0
14156,2011-11-30,1420,0
16353,2011-12-06,94,0
17026,2011-06-07,4,0
14189,2011-12-07,277,0
14821,2010-12-08,2,0
16863,2011-11-10,28,0
17722,2011-09-04,120,0
14414,2011-09-09,98,0
12515,2010-12-21,16,0
17400,2011-08-05,213,0
13158,2011-09-06,79,0
14077,2011-10-30,42,0
18010,2011-03-28,14,0
14920,2011-05-11,57,0
15280,2011-06-20,16,0
17408,2011-06-29,2,0
15920,2011-07-08,60,0
15325,2011-08-28,49,0
15522,2011-11-07,57,0
14357,2011-10-27,41,0
17636,2011-12-01,24,0
12784,2011-11-30,59,0
17885,2011-11-27,64,0
15863,2011-11-14,18,0
16905,2011-12-04,209,0
15713,2011-07-19,20,0
15749,2011-04-18,15,0
16938,2011-12-01,242,0
14730,2011-12-08,501,0
15225,2011-04-19,23,0
17410,2011-11-23,64,0
14342,2011-11-18,24,0
13887,2011-05-19,19,0
16659,2011-06-03,2,0
17797,2011-11-17,111,0
16989,2011-12-02,12,0
15118,2011-07-28,1,0
14024,2011-08-10,16,0
14250,2011-12-02,111,0
13602,2011-10-06,23,0
17148,2011-10-19,9,0
17221,2011-12-02,63,0
17905,2011-09-29,34,0
17287,2011-11-13,124,0
14256,2011-03-30,54,0
16670,2011-11-23,262,0
13004,2011-11-28,409,0
17800,2011-11-02,104,0
17672,2011-10-27,115,0
18087,2011-09-02,7,0
16652,2011-10-17,123,0
17096,2011-11-30,52,0
16906,2011-09-19,93,0
17550,2011-05-26,42,0
13485,2011-04-20,23,0
14921,2011-11-09,78,0
16866,2011-07-22,11,0
12635,2011-09-11,101,0
14918,2011-08-16,45,0
12716,2011-12-06,69,0
12610,2011-11-17,111,0
14406,2011-08-12,8,0
15888,2011-09-21,14,0
13347,2011-09-30,8,0
13359,2011-10-11,24,0
17086,2011-12-02,96,0
15677,2011-10-21,33,0
15551,2011-11-03,29,0
16569,2011-12-06,5,0
13763,2011-10-07,17,0
14047,2011-12-01,34,0
15916,2011-11-23,160,0
17418,2011-10-28,30,0
14842,2011-11-04,158,0
15753,2011-02-08,1,0
13292,2011-11-01,31,0
16712,2011-11-30,447,0
16471,2011-03-10,13,0
14350,2011-03-14,21,0
16135,2011-03-22,21,0
16788,2011-08-08,155,0
16261,2011-11-22,124,0
16172,2011-09-05,69,0
13223,2011-05-23,5,0
18146,2011-07-22,10,0
18227,2011-05-06,5,0
18120,2011-05-09,17,0
18221,2011-11-17,65,0
16341,2011-11-15,84,0
14034,2011-11-17,92,0
16968,2011-12-05,31,0
12536,2011-12-02,273,0
16759,2011-12-02,43,0
13831,2011-11-23,74,0
13034,2011-10-16,37,0
15024,2011-11-30,155,0
14744,2011-11-23,28,0
14298,2011-12-06,1640,0
16899,2011-12-02,125,0
13874,2010-12-16,18,0
17389,2011-12-09,224,0
13310,2011-12-01,77,0
15550,2011-12-05,61,0
16449,2011-06-02,43,0
16225,2011-10-26,134,0
15935,2011-04-14,12,0
12910,2011-11-16,75,0
13492,2011-07-26,50,0
12592,2011-09-08,18,0
13972,2011-09-30,15,0
15618,2011-11-07,49,0
18126,2011-10-10,56,0
16934,2011-10-16,62,0
15158,2011-10-25,7,0
16366,2011-11-21,18,0
17232,2011-12-07,36,0
17951,2011-10-31,21,0
14573,2011-06-13,241,0
18219,2011-12-07,115,0
15973,2011-04-18,6,0
14037,2011-06-16,28,0
16923,2011-11-27,696,0
14841,2011-10-17,138,0
17050,2011-09-04,316,0
12584,2011-12-06,126,0
15632,2011-11-24,177,0
14930,2011-08-23,128,0
18177,2011-11-08,75,0
18129,2011-04-10,14,0
12787,2011-11-30,20,0
16018,2011-10-31,28,0
12461,2011-09-06,35,0
14567,2011-11-04,34,0
13159,2011-12-01,122,0
17679,2011-10-18,30,0
13635,2011-10-03,62,0
14815,2011-11-03,53,0
16881,2011-10-04,1,0
17957,2011-10-04,31,0
14547,2011-12-06,367,0
12617,2011-11-10,42,0
18014,2011-11-11,32,0
15070,2010-12-02,1,0
12600,2011-11-11,65,0
17320,2011-08-31,73,0
17188,2011-11-28,89,0
13008,2011-01-20,15,0
14777,2011-12-05,3,0
16912,2011-11-16,105,0
16757,2011-01-25,7,0
16612,2011-11-07,66,0
13012,2011-11-30,107,0
13501,2011-04-11,53,0
15087,2011-03-03,15,0
13265,2011-10-17,91,0
12769,2011-04-15,32,0
13572,2011-05-18,33,0
12974,2011-05-26,8,0
16829,2011-07-06,11,0
12657,2011-11-28,56,0
16982,2011-10-10,22,0
12713,2011-12-09,38,0
16955,2011-06-08,26,0
12947,2011-07-19,103,0
16638,2011-11-17,95,0
13115,2011-12-01,132,0
14030,2011-11-21,243,0
18176,2010-12-21,33,0
16686,2011-10-23,588,0
12489,2011-01-07,15,0
16655,2011-11-22,261,0
16359,2011-12-02,70,0
12836,2011-10-11,175,0
14056,2011-12-08,1128,0
17754,2011-12-09,93,0
13647,2011-11-30,80,0
15976,2011-06-27,98,0
16117,2011-06-03,30,0
16880,2011-11-09,178,0
14305,2011-09-29,110,0
15639,2011-07-28,25,0
13075,2011-08-02,22,0
16430,2011-10-13,6,0
15853,2011-10-19,30,0
16177,2011-10-20,15,0
17125,2011-10-20,40,0
12374,2011-11-14,33,0
15524,2011-11-15,1,0
17253,2011-11-21,18,0
17772,2011-11-29,53,0
14351,2011-06-28,1,0
15428,2011-11-24,6,0
12431,2011-11-04,240,0
14696,2011-12-05,133,0
17259,2011-07-14,124,0
17450,2011-12-01,351,0
16950,2011-10-14,42,0
16558,2011-12-09,474,0
17752,2010-12-15,1,0
13629,2011-11-16,59,0
15611,2011-11-30,45,0
17114,2011-12-04,135,0
16850,2011-01-10,19,0
12527,2011-09-19,18,0
17504,2011-05-17,140,0
13396,2011-11-18,47,0
16156,2011-12-01,139,0
15133,2011-08-04,29,0
15675,2011-09-19,21,0
14352,2011-07-05,47,0
15016,2011-06-20,20,0
14327,2011-06-29,12,0
13925,2011-11-03,45,0
14079,2011-08-07,12,0
17070,2011-08-17,64,0
14452,2011-11-29,62,0
18001,2011-11-27,58,0
14908,2011-09-26,9,0
12856,2011-12-02,317,0
13689,2011-10-07,6,0
17244,2011-10-17,31,0
12966,2011-11-30,10,0
13777,2011-12-09,219,0
17690,2011-11-09,258,0
16996,2011-11-09,41,0
15841,2011-10-06,50,0
15626,2011-09-26,49,0
17018,2011-10-30,16,0
15809,2011-11-04,43,0
15257,2011-03-03,8,0
13900,2011-06-09,43,0
18185,2011-04-04,17,0
18236,2011-11-10,49,0
15117,2011-11-25,80,0
16298,2011-11-17,27,0
12379,2011-09-19,41,0
12722,2011-09-15,57,0
15369,2011-07-18,1,0
15942,2011-07-29,14,0
14495,2011-10-20,6,0
14335,2011-11-23,63,0
15652,2011-09-09,21,0
15500,2011-12-01,68,0
16715,2011-09-22,19,0
15762,2011-10-05,37,0
16295,2011-11-30,79,0
14789,2011-11-11,6,0
16203,2011-10-12,36,0
17827,2011-12-04,220,0
14426,2011-11-21,264,0
15456,2011-03-01,60,0
18097,2011-12-02,109,0
13110,2011-11-08,146,0
17083,2011-08-22,52,0
14803,2011-06-30,44,0
15031,2011-12-05,111,0
13340,2011-10-25,134,0
14348,2011-03-24,18,0
17775,2011-03-30,3,0
15729,2011-05-25,6,0
12863,2011-10-18,6,0
12449,2011-11-17,191,0
13991,2011-11-27,86,0
13228,2011-09-19,2,0
14911,2011-12-08,5903,0
14589,2010-12-03,3,0
17591,2011-09-27,167,0
13984,2011-11-13,17,0
16795,2010-12-09,66,0
13534,2011-12-07,342,0
14472,2011-08-28,281,0
14462,2011-10-07,246,0
16523,2011-12-08,298,0
14431,2011-02-14,22,0
13799,2011-08-15,39,0
14645,2011-07-06,30,0
12792,2011-03-28,25,0
15265,2011-07-11,82,0
14009,2011-05-25,44,0
17159,2011-11-18,102,0
12571,2011-10-31,34,0
16902,2011-08-15,44,0
16909,2011-10-06,19,0
15066,2011-11-08,53,0
15531,2011-12-01,228,0
17561,2011-11-20,46,0
16106,2011-10-05,6,0
17796,2011-10-30,82,0
15262,2011-01-20,10,0
14371,2011-02-17,4,0
16072,2011-02-24,23,0
14890,2011-03-31,7,0
16696,2011-07-27,10,0
13740,2011-04-13,23,0
14262,2011-12-01,143,0
14948,2011-11-16,64,0
15507,2011-06-21,46,0
15287,2011-11-17,21,0
12723,2011-12-06,69,0
17832,2011-10-21,61,0
18123,2011-11-15,36,0
15557,2011-11-11,20,0
13521,2011-12-08,436,0
13153,2011-12-04,15,0
16358,2011-12-08,110,0
13576,2011-11-29,130,0
15384,2011-06-23,43,0
16898,2011-11-13,163,0
13140,2011-08-23,46,0
16875,2011-10-06,123,0
12503,2011-01-06,1,0
12356,2011-11-17,59,0
13901,2011-09-28,149,0
15885,2011-09-08,18,0
14470,2011-11-28,43,0
13533,2011-06-10,76,0
18009,2011-04-18,33,0
15436,2011-11-27,329,0
16009,2011-11-17,90,0
13109,2011-12-07,50,0
16215,2011-09-20,14,0
16101,2011-11-30,83,0
13587,2011-11-08,11,0
18088,2011-10-09,39,0
14975,2011-10-13,11,0
15836,2011-10-25,12,0
13828,2011-11-17,15,0
15453,2011-12-08,286,0
14344,2011-08-04,71,0
17223,2011-02-02,49,0
12735,2011-01-28,43,0
13233,2011-09-26,43,0
15673,2011-09-12,155,0
18145,2011-11-27,221,0
16045,2011-08-12,83,0
15397,2011-02-23,6,0
13971,2011-12-01,158,0
16804,2011-11-16,60,0
16374,2011-10-04,111,0
13863,2011-04-08,22,0
15119,2011-04-08,14,0
18079,2011-10-25,127,0
15704,2011-07-22,117,0
12548,2011-06-26,5,0
13850,2011-09-12,94,0
17736,2011-11-30,26,0
14566,2011-08-21,4,0
15701,2011-12-07,237,0
16345,2011-10-26,38,0
13323,2011-12-06,21,0
13011,2010-12-02,3,0
13155,2011-11-06,85,0
12441,2010-12-08,11,0
15514,2011-11-27,218,0
12530,2011-10-11,68,0
15395,2011-01-18,7,0
15820,2011-01-24,17,0
15589,2011-04-01,30,0
13824,2011-11-07,46,0
14438,2011-02-06,9,0
12561,2011-02-10,16,0
13149,2011-11-25,86,0
13046,2011-11-09,35,0
14461,2011-07-14,180,0
15734,2011-08-17,26,0
17101,2011-11-29,42,0
14053,2011-08-07,4,0
12364,2011-12-02,85,0
16411,2011-11-20,45,0
17576,2011-12-01,417,0
17293,2011-12-01,135,0
16153,2011-10-21,89,0
17180,2011-10-14,131,0
13809,2011-02-07,12,0
13414,2011-07-29,24,0
12758,2011-08-15,97,0
14059,2011-03-18,8,0
13544,2011-10-31,87,0
12695,2011-12-02,27,0
17455,2011-05-20,8,0
17155,2011-11-22,20,0
17877,2011-06-22,12,0
14459,2011-07-07,37,0
12642,2011-11-14,47,0
14179,2011-10-30,165,0
18035,2011-11-04,53,0
12762,2011-12-02,69,0
14881,2011-11-20,17,0
13093,2011-03-17,170,0
16546,2011-02-22,31,0
17402,2011-12-05,59,0
13963,2011-02-04,35,0
13078,2011-12-08,380,0
16553,2011-06-29,86,0
13211,2011-11-29,56,0
15415,2011-01-30,48,0
13184,2011-11-25,183,0
15104,2011-06-26,71,0
17426,2011-12-05,272,0
16136,2011-10-11,37,0
12843,2011-10-05,108,0
13341,2011-03-24,42,0
13760,2011-10-16,57,0
13570,2011-04-10,27,0
16230,2011-06-03,35,0
14647,2011-05-22,30,0
17531,2011-08-11,15,0
16849,2011-06-06,8,0
17899,2011-07-03,32,0
13224,2011-10-10,109,0
16272,2011-08-15,25,0
13325,2011-09-19,12,0
16574,2011-09-29,28,0
17620,2011-10-11,4,0
16830,2011-11-01,23,0
15597,2011-11-10,23,0
17674,2011-09-26,27,0
17341,2011-07-06,183,0
12963,2011-12-01,96,0
13614,2011-11-15,201,0
17673,2011-12-08,228,0
14233,2011-10-27,36,0
13098,2011-12-08,605,0
14386,2011-02-16,7,0
18094,2011-09-19,70,0
13118,2011-11-20,82,0
13261,2011-03-16,9,0
14903,2011-11-18,364,0
15815,2011-10-07,49,0
13662,2011-09-15,58,0
14339,2011-04-19,18,0
17970,2011-05-12,31,0
13895,2011-11-18,119,0
16616,2011-11-24,33,0
18228,2011-10-20,32,0
12631,2011-10-13,31,0
13564,2011-07-18,85,0
18043,2011-11-15,121,0
15562,2010-12-23,1,0
14916,2011-09-30,79,0
14627,2011-02-01,5,0
12350,2011-02-02,17,0
12956,2011-02-06,19,0
16148,2011-02-16,1,0
15722,2011-11-04,72,0
14231,2011-06-13,54,0
14223,2011-09-08,61,0
15457,2011-03-22,58,0
16769,2011-03-24,40,0
16092,2011-09-02,53,0
16611,2011-06-06,11,0
18241,2011-11-30,105,0
14418,2011-12-06,124,0
14067,2011-10-07,52,0
15185,2011-09-30,21,0
12391,2011-11-18,100,0
18085,2011-01-13,29,0
17841,2011-12-08,7983,0
15465,2011-11-20,104,0
15048,2011-10-05,98,0
16525,2011-12-07,200,0
12875,2011-07-19,2,0
13881,2011-12-06,180,0
15226,2011-02-02,8,0
15406,2011-11-21,58,0
12582,2011-04-15,22,0
15733,2011-03-02,10,0
18191,2011-03-23,7,0
14111,2011-11-25,11,0
18235,2011-09-29,104,0
14375,2011-06-07,75,0
16589,2011-09-29,33,0
17844,2011-08-25,5,0
13536,2011-12-08,179,0
16179,2011-10-10,11,0
16376,2011-12-01,128,0
14480,2011-11-28,13,0
15148,2011-11-29,20,0
14491,2011-06-17,17,0
16725,2011-02-10,152,0
16122,2011-09-27,38,0
12721,2011-11-08,164,0
17799,2011-11-17,410,0
12484,2011-11-07,350,0
13385,2011-01-14,35,0
17861,2011-12-06,223,0
14778,2011-08-04,35,0
14609,2011-09-28,4,0
12362,2011-12-06,274,0
17102,2011-03-23,1,0
12620,2011-11-25,92,0
17391,2011-06-29,3,0
17935,2011-07-24,29,0
15472,2011-08-18,76,0
12772,2011-10-11,55,0
13467,2011-11-29,99,0
17523,2011-11-28,33,0
15567,2011-11-21,7,0
15115,2011-11-21,21,0
13771,2011-10-06,120,0
16309,2011-09-09,44,0
15581,2011-08-11,151,0
17702,2011-11-09,80,0
15664,2011-10-20,19,0
14321,2011-11-29,123,0
13284,2011-01-21,14,0
13001,2011-12-05,342,0
15382,2011-11-25,306,0
16667,2011-10-02,53,0
16621,2011-10-19,29,0
14817,2011-05-23,63,0
16768,2011-10-23,58,0
16693,2011-10-02,60,0
16297,2011-05-11,23,0
16036,2011-09-13,55,0
15132,2011-11-21,52,0
18108,2011-04-05,19,0
14446,2011-12-09,293,0
16370,2011-09-18,228,0
14173,2011-11-29,29,0
16744,2011-11-28,242,0
13430,2011-11-21,54,0
16236,2011-09-22,20,0
12923,2011-10-06,29,0
15385,2011-10-30,12,0
16368,2011-12-07,76,0
17511,2011-12-07,1076,0
17873,2011-09-20,46,0
17925,2010-12-02,1,0
12586,2011-11-22,12,0
13458,2011-12-02,394,0
15213,2011-01-25,25,0
12853,2011-08-24,84,0
13139,2011-11-23,174,0
17719,2011-11-02,278,0
13577,2011-11-14,85,0
14834,2011-11-22,70,0
15594,2011-11-24,104,0
15969,2011-12-07,21,0
14132,2011-12-07,201,0
13167,2011-11-21,65,0
18101,2011-11-28,41,0
17229,2011-09-04,47,0
12534,2011-08-01,63,0
14557,2011-10-06,32,0
12718,2011-09-29,19,0
12607,2011-10-12,202,0
13980,2011-10-10,11,0
16848,2011-10-18,14,0
16026,2011-10-27,32,0
12504,2011-11-21,15,0
16025,2011-11-10,28,0
14307,2011-09-12,180,0
13468,2011-12-08,306,0
15955,2011-11-15,185,0
14180,2011-11-29,248,0
12829,2011-01-21,12,0
12668,2011-12-02,168,0
17644,2011-12-08,169,0
15443,2011-12-08,385,0
12514,2011-03-17,51,0
15408,2011-03-20,34,0
15410,2011-09-16,122,0
18040,2011-11-20,19,0
14311,2011-04-28,27,0
16529,2011-06-02,30,0
17289,2011-11-08,112,0
15396,2011-08-19,14,0
13924,2011-12-08,137,0
12703,2011-10-06,22,0
15612,2011-11-03,6,0
14856,2011-11-03,66,0
15963,2011-11-20,28,0
16953,2011-11-09,1,0
14527,2011-12-07,1011,0
15694,2011-12-09,79,0
17227,2011-11-21,47,0
13523,2011-11-06,177,0
17339,2011-09-06,9,0
15563,2011-12-01,117,0
15370,2011-10-30,95,0
16431,2011-05-10,83,0
12633,2011-10-12,103,0
13509,2011-12-01,44,0
14851,2011-11-16,28,0
17054,2011-11-11,84,0
17578,2011-06-02,6,0
13510,2011-12-08,117,0
15186,2011-11-25,19,0
14493,2011-12-02,123,0
16012,2011-11-04,94,0
16488,2011-11-06,31,0
12560,2011-12-04,111,0
14799,2011-10-19,13,0
14362,2011-11-17,41,0
16811,2011-12-05,28,0
14390,2011-11-29,291,0
13013,2011-12-08,222,0
14396,2011-10-05,73,0
15898,2011-12-08,87,0
14867,2011-06-07,37,0
12870,2010-12-08,2,0
13124,2011-09-11,235,0
16985,2011-11-22,121,0
17811,2011-12-05,872,0
14242,2011-04-19,16,0
13394,2011-12-08,164,0
12401,2011-02-09,5,0
12623,2011-03-08,18,0
13631,2011-09-01,12,0
13450,2011-11-13,71,0
15402,2011-07-14,42,0
12685,2011-11-11,157,0
14109,2011-11-16,14,0
12938,2011-11-14,9,0
14870,2011-03-23,13,0
14002,2011-07-28,47,0
14171,2011-09-02,58,0
15922,2010-12-02,12,0
17198,2011-11-16,96,0
15221,2010-12-08,11,0
16473,2011-06-28,19,0
17786,2011-09-15,72,0
17881,2011-02-08,8,0
12714,2011-11-30,259,0
15932,2011-12-05,119,0
17139,2011-11-24,487,0
13216,2011-03-17,5,0
12399,2011-08-12,59,0
15585,2011-06-16,31,0
12450,2011-07-06,8,0
12828,2011-12-07,56,0
15300,2011-10-06,28,0
17878,2011-10-27,26,0
14966,2011-11-25,38,0
15471,2011-12-07,77,0
16428,2011-09-19,1,0
15363,2011-04-12,17,0
15093,2011-11-21,112,0
18193,2011-07-12,18,0
17820,2011-06-01,5,0
13693,2011-01-18,4,0
17862,2011-01-20,11,0
18277,2011-10-12,9,0
16496,2011-12-01,97,0
13606,2011-11-10,43,0
17830,2011-12-08,23,0
16462,2011-10-06,4,0
16721,2011-03-22,37,0
16398,2011-07-18,86,0
13294,2011-06-03,54,0
18272,2011-12-07,170,0
17333,2011-09-15,28,0
18033,2011-10-05,34,0
13926,2011-11-16,11,0
14087,2011-12-07,70,0
16274,2010-12-01,67,0
12793,2011-01-09,24,0
12753,2011-12-06,230,0
17236,2011-11-27,105,0
14040,2011-10-30,241,0
12464,2011-11-29,29,0
15090,2011-02-04,23,0
17175,2011-10-26,64,0
18151,2011-07-28,38,0
14513,2011-08-31,18,0
14147,2011-10-21,6,0
16518,2011-10-09,42,0
14499,2011-11-13,194,0
16227,2011-05-04,7,0
17444,2011-07-15,135,0
15004,2011-07-15,158,0
12589,2011-11-11,35,0
17317,2011-10-24,11,0
13518,2011-09-15,38,0
14801,2011-10-09,59,0
15260,2011-08-31,78,0
17430,2011-11-07,14,0
15535,2011-06-19,78,0
16019,2011-12-08,165,0
16927,2011-08-16,6,0
17457,2011-08-05,19,0
16326,2011-12-04,320,0
16493,2011-09-28,62,0
12510,2011-07-20,33,0
17118,2011-01-26,10,0
12507,2011-07-28,23,0
15289,2011-11-10,59,0
15292,2011-05-22,25,0
12809,2011-06-24,26,0
15076,2011-06-20,49,0
16764,2011-12-06,718,0
17962,2011-07-20,35,0
18099,2011-08-04,19,0
15821,2011-10-26,62,0
13914,2011-12-06,34,0
12893,2011-11-09,34,0
14954,2011-11-27,85,0
17181,2011-10-13,23,0
12471,2011-12-07,531,0
15919,2011-11-20,143,0
12474,2011-11-22,457,0
15078,2011-12-02,451,0
13842,2011-10-12,206,0
14608,2011-12-05,20,0
17890,2011-01-21,94,0
15366,2011-09-25,44,0
13253,2011-07-06,36,0
17463,2011-11-23,219,0
13871,2011-11-17,338,0
16517,2011-03-07,17,0
13716,2011-03-15,21,0
15691,2011-04-01,2,0
17574,2011-04-11,8,0
14561,2011-09-25,69,0
17370,2011-09-28,33,0
17183,2011-12-02,76,0
12965,2011-09-11,109,0
17037,2011-09-22,77,0
12546,2011-10-24,70,0
15645,2011-11-21,52,0
15783,2011-11-29,14,0
17017,2011-12-07,268,0
17235,2011-11-14,29,0
17787,2011-07-10,134,0
14016,2011-07-08,162,0
12423,2011-12-09,126,0
16567,2011-05-29,35,0
15227,2011-11-03,58,0
18202,2011-05-24,68,0
16998,2011-07-13,6,0
16566,2011-11-24,19,0
14276,2011-09-12,75,0
12509,2011-02-28,7,0
16571,2011-12-06,106,0
16023,2011-10-24,101,0
17697,2011-04-17,19,0
18242,2011-09-28,78,0
17489,2011-10-12,29,0
12977,2011-07-06,9,0
16762,2011-11-20,89,0
17703,2011-11-04,55,0
13388,2011-08-10,36,0
17941,2011-08-01,2,0
17514,2011-08-03,40,0
15198,2011-09-08,10,0
12885,2011-10-07,72,0
16961,2011-08-15,14,0
13774,2011-09-19,22,0
13416,2011-10-27,19,0
15484,2011-12-08,189,0
13348,2011-10-06,14,0
15556,2011-11-15,31,0
16232,2011-11-07,38,0
15469,2011-10-27,27,0
15877,2011-12-08,131,0
17967,2010-12-03,48,0
17819,2011-09-29,49,0
16722,2011-11-22,228,0
18119,2010-12-07,30,0
15858,2011-11-24,191,0
14796,2011-12-08,1165,0
15032,2011-03-28,55,0
12734,2010-12-22,4,0
17095,2011-11-17,77,0
14442,2011-12-08,68,0
17663,2011-11-14,90,0
17134,2011-08-25,24,0
12619,2011-11-23,95,0
16105,2011-04-05,13,0
14403,2011-08-01,26,0
12982,2011-04-14,34,0
13529,2011-09-22,15,0
18287,2011-10-28,70,0
15184,2011-11-10,63,0
15267,2011-11-17,11,0
15411,2011-11-13,100,0
17123,2011-07-01,9,0
17353,2011-08-02,8,0
17724,2011-10-13,45,0
13189,2011-11-21,29,0
16478,2011-11-14,17,0
12572,2011-12-01,62,0
14629,2011-12-05,153,0
14664,2011-11-20,99,0
17502,2011-11-30,28,0
15721,2011-11-28,91,0
17346,2011-12-06,503,0
16634,2011-05-01,9,0
16891,2011-12-08,203,0
15727,2011-11-23,302,0
15346,2011-01-11,17,0
13168,2011-11-03,133,0
12997,2011-11-17,67,0
12477,2011-11-17,308,0
14188,2011-12-01,71,0
13893,2011-02-15,21,0
12873,2011-03-02,4,0
13262,2011-03-21,11,0
17615,2011-08-01,14,0
15434,2011-12-01,59,0
18180,2011-12-05,119,0
14019,2011-10-24,68,0
13023,2011-10-06,40,0
12513,2011-09-16,36,0
16157,2011-11-24,19,0
14764,2011-10-27,7,0
17500,2011-11-22,5,0
18082,2011-11-14,73,0
18019,2011-10-19,5,0
15432,2011-11-16,10,0
14576,2010-12-02,1,0
16983,2011-11-27,149,0
17442,2011-11-10,140,0
16270,2010-12-21,54,0
14221,2011-10-28,194,0
16593,2011-10-20,27,0
17609,2011-10-30,238,0
14534,2011-12-07,558,0
15785,2011-11-10,87,0
17361,2011-10-21,29,0
17781,2011-07-03,12,0
12749,2011-12-06,231,0
17521,2011-11-15,46,0
13437,2011-11-25,167,0
16113,2011-06-09,30,0
17694,2011-07-21,15,0
15506,2011-11-17,164,0
15120,2011-08-02,22,0
13186,2011-10-31,84,0
15263,2011-08-25,12,0
17475,2011-09-21,14,0
17079,2011-09-22,2,0
13514,2011-09-27,4,0
17030,2011-10-07,11,0
14710,2011-11-25,139,0
16773,2011-10-13,26,0
17986,2011-10-14,1,0
17432,2011-11-21,48,0
18216,2011-11-08,26,0
18110,2011-11-20,49,0
12984,2011-11-21,4,0
13403,2011-11-22,3,0
15525,2011-12-07,180,0
15882,2011-05-25,24,0
14543,2011-12-06,107,0
17889,2011-05-11,21,0
13538,2011-10-27,25,0
17272,2011-10-28,116,0
13132,2011-03-23,3,0
13525,2011-11-25,6,0
15124,2011-11-17,15,0
15073,2011-11-30,76,0
16739,2011-06-20,16,0
13379,2011-11-13,97,0
13336,2011-09-23,51,0
16513,2011-12-05,35,0
16104,2011-10-09,29,0
13322,2011-11-22,25,0
18102,2011-12-09,433,0
17530,2011-12-08,394,0
14373,2010-12-16,4,0
14769,2011-12-07,1094,0
16405,2011-02-10,5,0
14004,2011-10-27,171,0
17165,2011-02-28,10,0
16572,2011-08-04,58,0
13037,2011-07-24,48,0
16440,2011-12-02,282,0
14859,2011-11-27,59,0
16484,2011-06-19,26,0
12412,2011-09-26,61,0
18112,2011-11-27,26,0
17110,2011-06-27,12,0
17046,2011-07-05,22,0
15776,2011-07-29,18,0
17201,2011-10-17,40,0
12552,2011-11-01,20,0
15619,2011-11-29,3,0
17911,2011-11-30,39,0
18015,2011-12-05,46,0
14080,2011-11-07,4,0
16782,2011-11-29,197,0
13969,2011-12-02,633,0
16531,2011-11-17,77,0
17146,2011-08-26,35,0
13527,2011-11-06,224,0
18212,2011-01-17,43,0
15712,2011-11-30,53,0
14586,2011-04-26,27,0
13121,2011-03-15,53,0
16444,2011-10-24,86,0
15561,2011-11-28,31,0
14420,2011-09-15,30,0
15099,2011-09-16,23,0
17415,2011-09-21,14,0
15766,2011-10-06,11,0
15463,2011-11-10,7,0
16482,2011-11-24,18,0
15060,2011-12-01,121,0
13117,2011-11-18,76,0
15646,2011-07-05,36,0
17396,2011-10-31,27,0
16500,2011-12-05,11,0
12988,2011-02-20,92,0
16008,2011-11-16,33,0
16813,2011-12-01,449,0
17768,2011-12-01,105,0
16555,2011-11-04,17,0
17573,2011-11-10,26,0
13566,2011-10-30,176,0
16198,2011-09-25,15,0
16650,2011-09-29,24,0
18240,2011-10-24,6,0
15657,2011-11-17,1,0
18139,2011-11-22,162,0
12478,2011-12-06,36,0
14882,2011-11-13,11,0
17007,2011-10-20,53,0
14146,2011-12-01,245,0
12820,2011-12-06,59,0
12468,2011-07-19,40,0
17035,2011-04-08,32,0
17512,2011-11-11,106,0
13630,2011-12-04,80,0
15026,2011-09-20,61,0
16750,2011-10-26,95,0
14421,2011-10-13,27,0
16076,2011-12-06,131,0
17926,2011-07-29,21,0
12879,2011-10-26,12,0
16362,2011-11-07,90,0
16895,2011-10-06,69,0
16352,2011-11-22,28,0
15869,2011-03-07,15,0
16448,2011-05-25,20,0
14060,2011-12-05,203,0
14723,2011-11-29,278,0
17812,2011-11-27,141,0
15021,2011-12-01,479,0
16904,2011-12-05,710,0
14913,2011-11-04,87,0
17315,2011-12-09,487,0
14502,2011-11-20,631,0
16256,2011-03-27,14,0
14071,2011-12-06,333,0
16657,2011-11-30,208,0
14823,2011-06-12,70,0
16682,2011-12-05,30,0
13936,2011-06-21,27,0
18127,2011-11-20,47,0
18081,2011-11-03,17,0
12884,2011-09-12,7,0
13356,2011-09-20,42,0
14125,2011-11-29,167,0
16432,2011-10-06,8,0
13882,2011-12-07,66,0
16415,2011-10-26,54,0
15097,2011-12-05,25,0
15866,2011-08-30,45,0
17850,2011-02-10,312,0
17567,2011-12-02,177,0
18109,2011-12-08,454,0
13324,2011-11-07,77,0
15518,2011-10-06,220,0
12451,2011-11-29,355,0
12414,2011-05-06,18,0
16126,2011-11-10,117,0
15319,2011-03-01,16,0
15493,2011-11-07,299,0
13357,2011-03-27,90,0
15775,2011-04-08,7,0
13427,2011-11-20,29,0
17245,2011-05-19,9,0
14522,2011-11-15,17,0
16292,2011-08-14,19,0
18027,2011-09-02,21,0
14208,2011-09-06,10,0
17549,2011-11-16,6,0
17387,2011-11-20,78,0
18209,2011-11-11,8,0
16406,2011-11-21,63,0
16583,2010-12-01,14,0
14775,2011-10-12,60,0
18071,2011-03-27,25,0
14107,2011-10-19,124,0
12578,2011-11-18,120,0
12524,2011-11-30,144,0
14541,2011-10-12,111,0
12929,2011-08-09,9,0
17560,2011-09-06,27,0
14711,2011-11-29,359,0
16308,2011-11-02,4,0
17409,2011-06-08,13,0
17527,2011-10-17,49,0
17709,2011-06-23,7,0
12615,2011-12-07,105,0
17298,2011-08-30,30,0
14529,2011-10-10,229,0
15074,2011-08-26,42,0
14284,2011-11-09,34,0
17010,2011-11-23,12,0
14093,2011-11-27,105,0
12855,2010-12-02,3,0
14679,2010-12-03,1,0
16579,2010-12-09,1,0
14133,2011-08-02,30,0
15122,2011-09-15,87,0
13285,2011-11-16,187,0
14110,2011-12-06,157,0
12674,2011-11-28,91,0
12790,2011-05-31,21,0
17879,2011-06-19,6,0
16160,2011-10-06,22,0
16878,2011-11-15,6,0
18192,2011-09-29,45,0
13464,2011-10-12,41,0
14638,2011-10-20,16,0
18044,2011-12-05,128,0
12415,2011-11-15,778,0
12490,2011-12-04,245,0
15847,2011-11-01,22,0
12670,2011-11-29,94,0
14117,2011-07-19,3,0
16189,2011-11-24,11,0
15398,2011-11-23,74,0
15335,2011-10-17,36,0
13321,2011-09-28,11,0
15061,2011-12-06,410,0
17524,2010-12-13,6,0
12877,2011-12-06,154,0
12736,2011-01-11,4,0
18190,2011-05-31,16,0
16755,2011-08-17,176,0
15810,2011-09-22,112,0
15695,2011-03-18,22,0
16257,2011-06-16,2,0
14104,2011-07-08,21,0
15315,2011-10-06,38,0
15568,2011-12-07,53,0
13212,2011-11-30,143,0
18154,2011-12-06,21,0
13822,2011-12-04,96,0
14946,2011-11-25,3,0
16789,2011-12-01,5,0
17964,2011-11-08,104,0
17307,2010-12-09,1,0
17372,2011-10-30,253,0
15296,2011-10-26,200,0
16152,2011-03-16,29,0
13185,2011-03-17,1,0
12818,2011-06-14,16,0
14273,2011-10-19,29,0
15757,2011-10-05,45,0
13391,2011-05-20,1,0
13643,2011-11-08,28,0
17312,2011-07-24,14,0
16213,2011-09-22,6,0
12538,2011-11-10,21,0
15699,2011-11-22,18,0
15520,2011-12-08,18,0
14174,2011-11-06,26,0
17920,2011-12-05,696,0
12662,2011-12-09,232,0
12915,2011-07-14,22,0
16150,2011-11-01,136,0
13370,2010-12-08,44,0
16402,2011-03-20,60,0
17691,2010-12-16,19,0
14062,2011-11-30,111,0
12865,2011-11-13,96,0
15062,2011-09-29,57,0
16945,2011-11-18,249,0
14616,2011-04-11,3,0
15577,2011-07-11,39,0
15843,2011-02-09,8,0
14035,2011-11-11,66,0
16495,2011-12-06,97,0
14336,2011-11-23,90,0
18149,2011-10-20,16,0
15855,2011-07-26,80,0
13561,2011-05-08,14,0
15743,2011-11-23,88,0
17349,2011-06-13,9,0
13669,2011-10-20,9,0
14055,2011-08-25,10,0
14356,2011-10-10,38,0
14585,2011-10-20,29,0
12812,2011-10-26,15,0
16372,2011-11-06,97,0
17022,2011-11-08,7,0
13349,2011-11-29,16,0
13741,2011-09-29,35,0
15860,2011-10-30,142,0
17700,2011-11-23,146,0
16062,2011-11-30,64,0
16726,2011-11-13,185,0
17371,2011-11-22,87,0
15379,2011-06-23,196,0
14889,2011-01-07,10,0
14755,2011-11-30,237,0
18095,2011-01-31,21,0
15174,2011-01-21,11,0
16030,2011-02-03,29,0
14112,2011-11-17,173,0
17864,2011-11-27,102,0
14962,2011-03-14,5,0
16383,2011-09-26,102,0
13946,2011-09-21,11,0
14632,2011-03-22,8,0
14536,2011-03-25,19,0
14538,2011-10-06,19,0
17701,2011-04-01,24,0
17166,2011-11-01,14,0
14937,2011-10-14,35,0
13645,2011-08-11,5,0
16201,2011-12-06,115,0
16108,2011-09-16,49,0
16445,2011-11-06,63,0
12791,2010-12-01,2,0
16143,2011-12-06,118,0
15304,2011-10-10,26,0
16861,2011-10-11,8,0
17675,2011-12-08,721,0
16016,2011-12-06,237,0
16607,2011-11-22,174,0
14985,2011-05-25,87,0
17105,2011-07-03,90,0
14562,2011-12-06,446,0
15308,2011-03-14,21,0
15483,2011-07-01,88,0
17140,2011-04-06,20,0
14905,2011-07-08,18,0
15609,2011-06-10,18,0
17891,2011-06-30,34,0
12752,2011-09-19,53,0
15276,2011-10-04,52,0
12740,2011-10-07,27,0
16120,2011-10-11,32,0
18022,2011-11-04,191,0
16565,2010-12-10,3,0
14162,2011-06-19,25,0
13301,2011-08-28,81,0
14193,2011-10-03,42,0
12902,2011-03-20,10,0
13549,2011-11-14,52,0
13516,2011-11-18,44,0
14364,2011-08-23,69,0
12770,2011-05-13,12,0
17065,2011-07-19,1,0
12658,2011-11-21,36,0
13748,2011-09-05,28,0
13199,2011-12-06,120,0
16233,2011-09-29,25,0
13455,2011-11-15,53,0
17629,2011-12-04,124,0
14292,2011-12-02,108,0
13659,2011-05-26,108,0
13875,2011-10-17,104,0
16509,2011-02-16,13,0
18056,2011-02-24,19,0
17049,2011-12-07,322,0
12717,2011-07-11,56,0
15147,2011-05-05,29,0
17893,2011-04-28,16,0
13856,2011-06-24,17,0
15095,2011-08-28,49,0
15462,2011-09-06,11,0
17984,2011-07-17,48,0
14965,2011-09-04,83,0
13823,2011-11-21,40,0
15050,2011-11-14,80,0
16747,2011-11-14,45,0
13816,2011-11-16,33,0
18006,2011-11-16,22,0
16479,2011-11-29,35,0
16426,2011-12-07,372,0
15356,2011-11-08,519,0
17978,2010-12-09,12,0
15587,2011-10-20,9,0
14229,2011-10-19,43,0
14270,2011-01-12,29,0
13709,2011-12-06,346,0
14152,2011-09-25,50,0
17642,2011-08-12,40,0
15901,2011-11-23,116,0
14511,2011-11-28,71,0
13061,2011-09-28,10,0
17354,2011-10-20,16,0
14703,2011-11-25,22,0
15540,2011-11-28,15,0
15129,2011-10-20,84,0
14569,2011-12-08,12,0
16218,2011-11-10,90,0
16455,2011-10-07,99,0
15570,2011-12-02,330,0
15018,2011-11-01,32,0
16499,2010-12-14,22,0
16727,2010-12-10,46,0
13183,2011-12-02,94,0
12951,2011-12-01,65,0
16403,2011-02-10,15,0
18159,2011-02-11,23,0
15251,2011-11-30,121,0
15813,2011-05-16,40,0
14682,2011-06-05,2,0
15163,2011-11-21,29,0
17299,2011-11-28,57,0
15653,2011-09-08,6,0
16190,2011-10-30,6,0
14714,2011-11-15,10,0
17650,2011-11-18,8,0
14741,2011-11-28,59,0
18156,2011-11-27,140,0
14205,2011-11-29,39,0
15805,2011-11-16,307,0
17454,2011-05-31,61,0
15620,2011-10-20,104,0
12346,2011-01-18,2,0
16716,2011-03-18,3,0
16441,2011-10-03,24,0
15019,2011-03-18,70,0
13885,2011-06-03,28,0
18160,2011-10-13,39,0
12562,2011-12-01,168,0
16239,2011-10-14,21,0
16614,2011-06-10,26,0
13827,2011-10-13,93,0
18282,2011-12-02,13,0
14359,2011-11-20,58,0
14806,2011-09-25,11,0
18053,2011-10-04,21,0
14251,2011-12-08,78,0
16311,2011-11-22,37,0
13146,2011-11-13,17,0
12557,2011-11-23,33,0
17068,2011-11-27,297,0
17616,2011-06-19,3,0
14441,2011-12-09,59,0
16656,2011-11-17,80,0
14735,2011-12-06,205,0
17373,2011-10-30,57,0
15058,2011-11-14,276,0
15671,2011-11-21,81,0
16216,2011-03-17,37,0
18210,2011-12-08,134,0
13203,2011-11-30,57,0
14482,2011-11-21,144,0
16276,2011-06-16,6,0
13730,2011-07-27,43,0
13302,2011-07-07,1,0
13928,2011-11-29,27,0
16049,2011-10-30,312,0
17813,2011-11-25,378,0
14027,2011-10-10,6,0
17203,2011-11-04,152,0
12667,2011-10-12,33,0
17062,2011-01-30,71,0
14850,2011-02-01,22,0
16163,2011-04-28,7,0
15881,2011-01-31,32,0
14057,2011-11-16,291,0
16414,2011-11-18,7,0
12520,2011-09-21,155,0
14245,2011-06-16,112,0
14377,2011-06-01,11,0
13803,2011-03-29,17,0
13005,2011-06-19,29,0
18170,2011-11-06,38,0
12556,2011-10-20,121,0
13940,2011-11-22,49,0
12851,2011-09-04,50,0
12995,2011-09-23,5,0
17131,2011-12-04,134,0
13259,2011-10-09,87,0
12882,2011-11-30,13,0
14968,2011-11-09,37,0
16947,2011-04-18,21,0
16293,2011-12-01,120,0
14051,2011-12-09,215,0
15361,2010-12-13,7,0
16191,2011-12-07,151,0
15510,2011-01-13,1,0
15449,2011-11-13,62,0
16063,2011-03-24,23,0
17625,2011-11-21,315,0
16697,2011-04-12,21,0
17367,2011-04-15,34,0
16116,2011-05-18,35,0
16283,2011-12-04,168,0
16446,2011-12-09,4,0
15116,2011-11-22,45,0
17252,2011-08-15,87,0
16706,2011-11-02,123,0
14869,2011-12-06,72,0
12952,2011-12-04,80,0
12628,2011-12-05,43,0
17297,2011-11-22,51,0
12650,2011-12-06,20,0
16969,2011-10-31,42,0
17968,2010-12-01,85,0
15028,2011-12-01,48,0
14673,2011-12-06,74,0
14415,2011-12-08,612,0
17358,2011-02-09,59,0
13862,2011-11-21,142,0
15971,2011-11-22,35,0
14798,2011-10-18,12,0
14555,2011-10-13,21,0
17667,2011-10-04,117,0
13951,2011-06-16,39,0
16765,2011-02-18,1,0
16356,2011-05-26,32,0
15648,2011-05-19,28,0
13316,2011-11-02,88,0
13134,2011-09-28,105,0
14148,2011-04-20,3,0
17109,2011-11-10,121,0
13711,2011-05-05,13,0
16832,2011-06-08,12,0
14277,2011-11-24,228,0
13555,2011-09-27,136,0
16464,2011-11-20,236,0
15523,2011-09-16,10,0
15603,2011-09-22,2,0
15937,2011-10-06,7,0
17680,2011-11-16,11,0
17458,2011-11-24,54,0
16999,2011-11-16,23,0
14766,2011-12-01,137,0
14388,2011-12-01,191,0
13269,2011-12-08,320,0
12872,2011-01-17,66,0
17214,2011-10-10,104,0
15167,2011-01-23,41,0
13330,2011-09-08,53,0
12528,2011-11-30,95,0
13425,2011-08-23,78,0
16917,2011-03-08,9,0
13975,2011-11-08,340,0
15891,2011-04-27,62,0
14423,2011-05-05,3,0
13737,2011-05-23,30,0
18135,2011-11-10,20,0
14712,2011-11-10,25,0
15714,2011-11-28,35,0
12446,2011-10-13,58,0
12475,2011-10-17,36,0
17153,2011-11-15,14,0
14052,2011-11-20,56,0
15857,2011-11-21,14,0
13081,2011-12-08,1061,0
17126,2011-07-10,262,0
17496,2010-12-16,10,0
13993,2011-11-07,125,0
14389,2011-12-01,62,0
16332,2011-11-11,154,0
14727,2011-03-10,10,0
15049,2011-03-11,3,0
15145,2011-12-05,67,0
16469,2011-11-16,182,0
16348,2011-11-07,235,0
17029,2011-08-21,2,0
13479,2011-05-25,16,0
17734,2011-10-17,43,0
15108,2011-07-21,61,0
15349,2011-07-04,72,0
13745,2011-07-11,26,0
18121,2011-07-13,32,0
16984,2011-09-22,418,0
14314,2011-08-25,8,0
17006,2011-12-05,44,0
15930,2011-10-03,21,0
15444,2011-11-30,219,0
15986,2011-11-09,14,0
16800,2011-11-28,164,0
13271,2011-11-02,101,0
14898,2011-11-16,119,0
17243,2011-12-08,407,0
17863,2011-10-11,148,0
15996,2011-09-12,131,0
17816,2011-11-03,17,0
12370,2011-10-19,167,0
12417,2011-12-06,198,0
14761,2011-10-12,11,0
15799,2011-09-25,98,0
13068,2011-11-29,2,0
16217,2011-04-18,19,0
18173,2011-09-14,31,0
15906,2011-11-20,151,0
16681,2011-09-28,44,0
13811,2011-06-09,14,0
14699,2011-05-09,8,0
16229,2011-09-13,47,0
15825,2011-06-20,20,0
16671,2011-11-11,6,0
13461,2011-11-01,27,0
15372,2011-07-25,27,0
13949,2011-12-07,160,0
18215,2011-09-11,13,0
15466,2011-09-15,57,0
13067,2011-09-18,15,0
13639,2011-09-26,40,0
16183,2011-10-03,15,0
17425,2011-11-20,43,0
14624,2011-10-13,13,0
12646,2011-12-05,45,0
14971,2011-11-04,160,0
12452,2011-11-23,23,0
14594,2011-12-02,53,0
15834,2011-09-30,276,0
16520,2011-06-06,157,0
15266,2011-01-05,6,0
15952,2011-11-06,91,0
13365,2011-12-01,132,0
13320,2011-09-30,110,0
12426,2011-05-29,30,0
16967,2011-06-03,21,0
13435,2011-12-04,103,0
15219,2011-06-16,9,0
15700,2011-06-20,89,0
13338,2011-07-08,24,0
16278,2011-11-16,25,0
17628,2011-09-19,5,0
18278,2011-09-27,9,0
13598,2011-10-23,41,0
12398,2011-10-25,85,0
18184,2011-11-24,1,0
17468,2011-11-29,5,0
14800,2011-10-23,392,0
12928,2011-11-04,84,0
16889,2011-05-29,135,0
16497,2011-10-21,136,0
16660,2011-11-23,17,0
15057,2011-03-09,25,0
13717,2011-11-07,103,0
16394,2011-10-20,100,0
18218,2011-05-17,24,0
16609,2011-11-24,280,0
12569,2011-12-07,191,0
14651,2011-10-03,102,0
17345,2011-11-24,87,0
15152,2011-11-30,278,0
18203,2011-07-05,19,0
15254,2011-08-04,18,0
14196,2011-08-25,6,0
15473,2011-11-25,14,0
12602,2011-10-12,12,0
16313,2011-12-06,16,0
17078,2011-11-03,28,0
16338,2011-07-05,11,0
14748,2011-11-10,92,0
14282,2011-12-06,156,0
16350,2011-11-18,60,0
12540,2011-11-20,481,0
14524,2011-11-08,203,0
14621,2011-12-08,96,0
17621,2011-11-18,27,0
12601,2011-06-03,29,0
15447,2011-01-13,9,0
12388,2011-11-24,100,0
12817,2011-03-03,4,0
16809,2011-11-16,150,0
16245,2011-11-16,93,0
14323,2011-08-17,41,0
15717,2011-04-19,7,0
17955,2011-05-25,19,0
14591,2011-11-24,197,0
13826,2011-07-04,12,0
14517,2011-11-06,18,0
15786,2011-10-27,280,0
16828,2011-09-07,8,0
16173,2011-11-24,87,0
13351,2011-10-04,16,0
13040,2011-12-01,43,0
16456,2011-09-01,111,0
14825,2011-12-06,121,0
15723,2010-12-10,41,0
14544,2011-11-15,114,0
12845,2011-03-17,27,0
12458,2011-09-29,38,0
13899,2011-11-23,19,0
16777,2011-09-20,50,0
17648,2011-10-10,92,0
18036,2011-11-07,96,0
15517,2011-04-20,27,0
17670,2011-04-26,11,0
17405,2011-12-08,94,0
13273,2011-08-18,16,0
15782,2011-11-30,44,0
18194,2011-10-06,9,0
14138,2011-12-08,47,0
15948,2011-12-01,60,0
17895,2011-10-26,16,0
13607,2011-10-30,98,0
15009,2011-11-27,182,0
16024,2011-11-27,64,0
15923,2010-12-02,21,0
14404,2011-11-06,104,0
17682,2011-11-29,119,0
14732,2011-12-01,149,0
16242,2011-12-01,295,0
15764,2011-09-19,188,0
16801,2011-06-29,121,0
15861,2011-11-27,547,0
14886,2011-04-01,18,0
14023,2011-12-02,31,0
17764,2011-10-20,75,0
15256,2011-07-14,6,0
12567,2011-11-17,463,0
15777,2011-04-12,22,0
16812,2010-12-14,15,0
17888,2011-11-21,81,0
13280,2011-08-09,85,0
16333,2011-12-02,45,0
15669,2011-10-30,35,0
12639,2011-04-15,22,0
16099,2011-10-20,39,0
14393,2011-05-05,5,0
13682,2011-06-05,3,0
12436,2011-09-01,16,0
15740,2011-10-21,9,0
16506,2011-11-20,3,0
13739,2011-11-21,3,0
14675,2011-11-23,102,0
13743,2011-12-07,42,0
16379,2011-12-05,109,0
12748,2011-12-09,4642,0
13715,2011-03-03,108,0
17411,2011-11-27,43,0
13982,2011-10-31,115,0
17950,2011-09-28,72,0
15044,2011-11-20,461,0
15689,2011-08-12,9,0
14709,2011-11-24,197,0
16112,2011-07-19,16,0
14595,2011-11-20,102,0
13894,2011-11-17,30,0
14475,2011-09-29,47,0
16073,2011-02-21,2,0
16466,2011-11-06,148,0
13908,2011-09-21,126,0
16728,2011-10-24,269,0
13720,2011-08-15,43,0
13562,2011-09-19,82,0
15745,2011-12-01,65,0
12815,2011-07-15,47,0
16364,2011-11-28,53,0
12794,2011-10-17,45,0
17557,2011-11-25,34,0
18042,2011-10-17,7,0
12630,2011-11-30,64,0
14793,2011-12-05,15,0
14785,2011-11-29,3,0
14466,2011-11-10,72,0
16919,2011-07-06,327,0
13173,2011-12-05,43,0
13050,2011-11-30,422,0
18256,2010-12-20,4,0
17742,2011-08-18,15,0
14209,2011-11-29,88,0
15835,2011-10-26,50,0
12421,2011-11-24,46,0
13049,2011-10-06,14,0
15981,2011-11-15,97,0
12616,2011-09-15,36,0
14447,2011-11-21,70,0
15491,2011-09-05,155,0
14512,2011-06-05,23,0
16418,2011-10-26,102,0
12593,2011-08-23,21,0
13723,2011-05-06,6,0
16852,2011-11-29,9,0
16824,2011-11-24,26,0
12739,2011-09-22,38,0
16685,2011-10-09,62,0
15332,2010-12-08,35,0
15641,2011-08-26,119,0
17001,2011-12-09,169,0
18062,2011-06-19,27,0
12501,2011-01-28,160,0
16235,2011-10-30,48,0
16843,2011-10-28,379,0
15422,2011-01-20,6,0
14239,2011-10-27,116,0
13334,2011-09-18,268,0
12654,2011-11-29,38,0
13035,2011-10-13,30,0
17874,2011-06-07,47,0
13663,2011-06-13,13,0
17053,2011-08-03,14,0
15683,2011-08-14,10,0
12550,2011-09-21,57,0
17447,2011-10-30,36,0
13858,2011-10-13,11,0
13844,2011-11-28,20,0
17894,2011-09-29,193,0
15454,2010-12-12,25,0
13804,2011-11-09,137,0
16208,2011-10-26,66,0
15092,2011-05-08,26,0
18280,2011-03-07,10,0
17656,2011-09-27,82,0
18205,2011-11-03,32,0
15592,2011-10-24,24,0
16164,2011-11-22,35,0
16279,2011-11-18,109,0
12393,2011-09-28,64,0
17708,2011-06-05,35,0
17027,2011-09-22,155,0
14457,2011-02-02,4,0
17738,2011-11-20,99,0
15106,2011-11-22,102,0
15437,2011-03-22,45,0
17398,2011-08-17,38,0
13692,2011-11-15,55,0
15130,2011-06-23,22,0
12358,2011-12-08,19,0
17788,2011-09-27,5,0
14436,2011-09-02,9,0
15504,2011-09-19,13,0
15175,2011-09-29,23,0
16404,2011-09-30,23,0
18011,2010-12-01,28,0
17720,2011-11-13,50,0
13569,2011-11-22,85,0
16713,2011-11-21,632,0
12481,2011-11-17,218,0
16745,2011-09-14,358,0
12576,2011-11-04,89,0
14754,2011-10-26,41,0
13557,2011-11-11,34,0
15793,2011-11-30,13,0
17931,2011-07-28,65,0
15334,2011-07-06,99,0
17837,2011-10-28,172,0
13699,2011-07-07,14,0
14660,2011-09-14,30,0
12822,2011-09-30,47,0
15744,2011-09-23,3,0
16542,2011-10-17,5,0
12491,2011-11-01,26,0
17357,2011-11-15,45,0
15708,2011-10-30,297,0
14813,2010-12-05,30,0
15301,2011-10-20,247,0
15081,2011-11-17,35,0
14932,2010-12-09,17,0
17362,2011-04-14,35,0
16598,2011-03-07,11,0
13722,2011-08-11,86,0
14818,2011-09-27,48,0
16834,2011-04-26,24,0
16647,2011-06-23,14,0
14178,2011-12-01,327,0
13080,2011-06-13,6,0
13016,2011-09-27,47,0
17653,2011-11-10,50,0
15255,2011-10-04,47,0
15993,2011-12-01,560,0
15987,2011-11-27,140,0
17324,2011-11-22,50,0
16701,2011-12-01,154,0
13802,2011-07-24,66,0
18075,2011-11-16,153,0
16816,2011-08-28,28,0
14553,2011-11-20,113,0
16882,2011-10-04,39,0
14044,2011-11-13,209,0
13038,2011-09-20,28,0
15303,2011-02-22,31,0
16427,2011-03-21,9,0
15067,2011-09-22,82,0
17486,2011-03-23,24,0
13781,2011-04-03,17,0
15128,2011-10-10,111,0
14542,2011-06-07,5,0
17234,2011-06-10,14,0
14753,2011-09-13,30,0
16181,2011-09-27,11,0
17934,2011-10-19,21,0
16015,2011-12-06,184,0
15516,2011-10-26,15,0
16847,2011-10-27,12,0
16601,2011-10-30,31,0
12921,2011-12-06,741,0
16835,2011-08-03,10,0
16883,2011-06-05,38,0
16814,2011-11-25,325,0
15984,2011-12-07,275,0
15079,2011-05-11,48,0
16010,2011-04-08,86,0
13668,2011-12-07,501,0
17991,2011-04-28,5,0
13967,2011-07-17,2,0
14855,2011-08-12,20,0
12644,2011-08-02,31,0
12375,2011-12-07,18,0
16563,2011-10-17,19,0
14830,2011-10-17,40,0
15900,2011-11-16,51,0
17548,2011-05-06,17,0
17381,2011-12-01,110,0
17085,2011-08-08,189,0
15059,2011-10-30,239,0
12625,2011-05-12,91,0
12764,2011-01-27,45,0
17356,2011-02-01,19,0
17034,2011-11-23,32,0
15053,2011-12-05,71,0
16625,2011-03-10,23,0
17080,2011-11-17,9,0
13573,2011-10-20,26,0
13918,2011-10-21,30,0
15109,2011-04-13,31,0
14640,2011-11-24,113,0
17157,2011-12-02,15,0
13420,2011-07-28,10,0
13390,2011-09-26,13,0
16468,2011-09-26,2,0
17222,2011-10-05,28,0
12544,2011-11-10,20,0
14039,2011-11-06,6,0
13638,2011-11-24,8,0
13256,2011-11-25,1,0
12558,2011-12-08,22,0
15773,2011-12-04,10,0
14005,2011-11-30,84,0
16369,2011-11-21,118,0
16248,2011-10-09,7,0
14078,2011-08-30,65,0
17158,2011-11-07,67,0
12726,2011-11-11,124,0
14119,2010-12-20,1,0
15464,2011-01-05,157,0
13819,2011-02-11,36,0
14467,2011-11-22,90,0
12505,2011-02-11,1,0
15068,2011-10-24,104,0
18213,2011-04-17,15,0
13719,2011-11-24,60,0
16644,2011-06-15,62,0
14177,2011-09-16,43,0
15909,2011-06-19,7,0
16054,2011-07-17,70,0
15149,2011-07-29,23,0
16102,2011-10-28,57,0
14658,2011-12-04,29,0
16761,2011-09-04,13,0
12581,2011-10-31,15,0
14216,2011-12-06,59,0
17767,2011-11-24,21,0
17942,2011-12-02,2,0
17677,2011-12-08,321,0
12709,2011-12-06,257,0
13848,2011-09-08,5,0
16570,2011-12-01,133,0
17048,2011-08-16,48,0
17094,2011-01-25,15,0
13590,2011-11-28,89,0
16838,2011-05-26,26,0
15247,2011-08-09,6,0
13364,2011-10-04,20,0
16260,2011-10-20,18,0
16056,2011-10-25,68,0
13363,2011-11-22,60,0
17286,2011-11-18,45,0
12587,2011-12-02,4,0
14901,2011-11-28,98,0
16138,2010-12-06,1,0
17470,2011-10-26,78,0
15596,2011-08-31,84,0
14713,2011-11-30,341,0
13829,2010-12-15,1,0
16684,2011-12-05,281,0
12377,2011-01-28,77,0
13064,2011-11-27,69,0
15831,2011-10-12,69,0
14692,2011-07-25,69,0
17147,2011-11-17,85,0
16738,2011-02-15,1,0
17867,2011-11-09,81,0
16475,2011-09-12,28,0
16871,2011-11-17,139,0
15140,2011-10-18,81,0
15912,2011-06-14,19,0
17501,2011-05-03,18,0
16463,2011-11-18,85,0
15705,2011-05-22,6,0
17051,2011-05-29,43,0
14453,2011-06-02,22,0
16581,2011-07-07,11,0
13780,2011-12-02,57,0
16287,2011-06-23,8,0
15089,2011-11-29,145,0
13500,2011-11-16,67,0
14523,2011-08-23,12,0
15565,2011-10-20,8,0
15193,2011-10-10,19,0
17824,2011-10-19,13,0
12912,2011-12-07,24,0
14950,2011-12-01,20,0
16000,2011-12-07,9,0
14863,2011-11-10,11,0
15311,2011-12-09,2491,0
16029,2011-11-01,274,0
17580,2011-04-01,45,0
14068,2011-01-23,24,0
14411,2011-02-02,14,0
12943,2011-02-11,1,0
13362,2011-12-06,169,0
15150,2011-11-22,344,0
14195,2011-05-22,8,0
13003,2011-08-26,6,0
14551,2011-11-21,10,0
15069,2011-06-13,70,0
14456,2011-12-04,977,0
17637,2011-11-08,35,0
17647,2011-10-05,7,0
17186,2011-10-24,2,0
16123,2011-10-19,16,0
13868,2011-12-02,33,0
13142,2011-11-20,23,0
16188,2011-10-26,67,0
12980,2011-07-07,24,0
16351,2011-01-11,8,0
12410,2011-02-11,28,0
14762,2011-03-21,21,0
17152,2011-05-29,16,0
14326,2011-04-19,9,0
16006,2011-05-12,8,0
17469,2011-11-23,90,0
15897,2011-05-29,24,0
17015,2011-11-11,217,0
14143,2011-07-29,7,0
17666,2011-12-06,18,0
17785,2011-10-17,13,0
16742,2011-10-24,4,0
16528,2011-12-06,17,0
18041,2011-11-28,474,0
14213,2010-12-03,5,0
16013,2011-12-06,151,0
16893,2010-12-08,45,0
15680,2011-11-30,78,0
16717,2011-11-30,236,0
16665,2010-12-12,9,0
12577,2011-11-04,148,0
13750,2011-10-17,24,0
12679,2011-10-18,56,0
17374,2011-05-05,28,0
14670,2011-03-04,132,0
13708,2011-03-13,51,0
12604,2011-09-21,16,0
14546,2011-12-05,417,0
13220,2011-09-22,21,0
15599,2011-11-13,52,0
17579,2011-12-05,52,0
13486,2011-09-22,69,0
15399,2011-12-08,50,0
16737,2011-10-17,1,0
13897,2011-10-20,17,0
15286,2011-10-21,3,0
14474,2011-10-27,30,0
18045,2011-10-25,47,0
14102,2011-12-04,84,0
13560,2011-12-02,33,0
15165,2010-12-01,27,0
17732,2010-12-02,18,0
12686,2010-12-03,7,0
16034,2011-05-27,22,0
15189,2011-12-08,232,0
16395,2011-10-10,210,0
18196,2011-09-05,141,0
16078,2011-03-01,1,0
15668,2011-05-06,1,0
16400,2011-09-06,29,0
13422,2011-10-19,128,0
15264,2011-10-06,23,0
13176,2011-10-24,72,0
16720,2011-11-13,27,0
17581,2011-12-09,452,0
15329,2011-11-04,62,0
16873,2011-12-05,289,0
17306,2011-11-29,69,0
15624,2011-08-15,34,0
14626,2011-12-01,126,0
14287,2011-12-01,11,0
12473,2011-11-10,179,0
13062,2011-06-01,11,0
15261,2011-07-27,19,0
16053,2011-11-07,84,0
14508,2011-11-17,57,0
17590,2011-12-07,201,0
14860,2011-12-01,12,0
12583,2011-12-07,251,0
17213,2011-10-30,164,0
17633,2011-11-08,72,0
13953,2011-12-02,20,0
14258,2011-11-30,112,0
15939,2011-09-11,77,0
15696,2011-11-06,177,0
14497,2011-02-11,31,0
13381,2011-11-18,173,0
13623,2011-11-09,86,0
12365,2011-02-21,23,0
13753,2011-02-25,35,0
14998,2011-06-22,75,0
17597,2011-05-10,55,0
12987,2011-09-27,30,0
16461,2011-06-15,33,0
15659,2011-10-27,11,0
15025,2011-11-06,72,0
17852,2011-11-28,24,0
17406,2011-01-13,116,0
17880,2010-12-10,26,0
18016,2011-11-07,123,0
18198,2011-12-05,166,0
16115,2011-11-30,284,0
16057,2011-12-05,134,0
13226,2011-03-11,16,0
12878,2011-11-21,49,0
14719,2011-12-08,238,0
16623,2011-04-08,5,0
16990,2011-05-05,1,0
17624,2011-11-25,50,0
14584,2011-06-23,101,0
18073,2011-08-17,76,0
16963,2011-06-05,7,0
16344,2011-07-04,2,0
18024,2011-07-10,22,0
13207,2011-11-24,8,0
14857,2011-10-11,61,0
16438,2011-12-04,132,0
17205,2011-10-17,13,0
17973,2011-10-19,15,0
13732,2011-11-11,33,0
13790,2011-12-05,45,0
13311,2011-12-05,26,0
14264,2011-07-08,19,0
17954,2011-12-04,489,0
18118,2011-11-29,1284,0
13077,2011-12-08,112,0
16265,2011-11-30,260,0
17525,2010-12-15,9,0
16551,2011-09-05,32,0
18093,2011-09-07,38,0
15508,2011-06-03,92,0
13389,2011-11-28,51,0
14973,2011-08-24,32,0
17987,2011-06-07,13,0
16114,2011-06-22,8,0
12844,2011-11-10,52,0
12906,2011-11-28,63,0
17382,2011-10-05,2,0
16803,2011-10-05,24,0
13947,2011-10-05,5,0
14234,2011-11-17,159,0
17761,2011-11-07,19,0
13314,2011-12-08,75,0
13089,2011-12-07,1857,0
17091,2011-12-07,198,0
15750,2011-12-07,295,0
16596,2011-11-24,12,0
15358,2011-12-05,561,0
17980,2011-06-27,30,0
16321,2011-09-28,16,0
12664,2011-12-01,38,0
14257,2011-10-19,107,0
15579,2011-10-02,51,0
13939,2011-11-16,46,0
17571,2011-10-20,299,0
16587,2011-04-21,13,0
18048,2011-05-20,7,0
15386,2011-06-06,31,0
13791,2011-10-27,17,0
13194,2011-07-27,3,0
14885,2011-07-31,15,0
12689,2011-11-14,72,0
14096,2011-12-05,5128,0
17163,2011-11-18,5,0
16361,2011-11-30,106,0
15327,2011-10-18,10,0
14923,2011-10-20,44,0
14073,2011-11-18,14,0
15904,2011-12-01,30,0
18018,2011-08-23,29,0
18217,2011-11-10,31,0
15426,2011-11-20,300,0
17218,2011-12-05,274,0
16011,2011-12-01,212,0
14871,2011-12-06,98,0
14334,2011-11-23,163,0
17848,2011-09-19,51,0
15208,2011-12-08,43,0
12383,2011-06-08,100,0
16833,2011-12-08,47,0
15215,2011-10-26,43,0
15549,2011-09-23,116,0
12676,2011-11-15,45,0
12455,2011-09-27,90,0
15220,2011-10-19,119,0
15674,2011-09-27,135,0
16175,2011-09-06,58,0
12871,2011-09-16,11,0
16987,2011-12-06,129,0
13384,2011-11-09,155,0
14306,2011-10-19,35,0
17154,2011-09-25,23,0
15243,2011-09-26,22,0
14518,2011-10-06,16,0
12659,2011-11-10,5,0
16784,2011-11-20,3,0
13188,2011-11-28,2,0
12367,2011-12-05,11,0
13761,2011-10-20,70,0
15498,2011-12-09,523,0
16775,2011-11-29,158,0
14577,2011-11-27,123,0
14878,2011-11-27,124,0
13800,2011-02-03,33,0
17705,2011-12-06,108,0
14935,2011-02-15,10,0
12945,2011-02-24,23,0
13666,2011-10-10,12,0
14620,2011-05-19,30,0
13014,2011-12-07,124,0
14214,2011-11-09,70,0
12596,2011-10-19,27,0
12700,2011-12-02,270,0
16624,2011-09-20,48,0
13217,2011-08-09,7,0
13814,2011-10-14,58,0
15035,2011-09-11,27,0
13272,2011-11-08,15,0
13886,2011-09-29,16,0
14054,2011-10-05,6,0
13974,2011-10-21,28,0
12890,2011-11-15,82,0
15195,2011-12-07,1,0
16718,2010-12-05,45,0
13756,2011-12-07,143,0
17231,2011-11-27,546,0
13846,2011-11-15,58,0
14099,2011-11-23,252,0
13165,2011-10-24,42,0
18171,2011-10-12,56,0
12673,2011-12-04,42,0
12594,2011-11-02,119,0
17388,2011-09-23,15,0
15951,2011-12-08,43,0
14046,2011-02-28,14,0
13169,2011-10-07,13,0
17960,2011-06-21,26,0
13058,2011-11-15,8,0
15795,2011-07-13,42,0
15205,2011-09-15,38,0
16900,2011-11-28,82,0
14121,2011-12-06,161,0
17510,2011-11-15,20,0
15988,2011-11-20,27,0
14083,2011-12-05,181,0
13649,2011-03-28,23,0
12605,2010-12-09,3,0
13948,2010-12-14,3,0
14533,2011-11-15,65,0
17569,2011-01-11,29,0
13263,2011-12-08,1677,0
14501,2011-10-06,12,0
15903,2011-11-30,75,0
13477,2011-11-02,81,0
13452,2011-03-25,2,0
17542,2011-03-15,25,0
12435,2011-09-21,36,0
16960,2011-11-01,101,0
17669,2011-10-28,68,0
17589,2011-10-10,253,0
13456,2011-11-22,65,0
15774,2011-10-02,25,0
14792,2011-10-07,4,0
13697,2011-11-01,12,0
16505,2011-11-08,4,0
14092,2011-12-02,217,0
16262,2010-12-14,3,0
12678,2011-10-28,167,0
15164,2011-10-02,103,0
14514,2011-10-09,73,0
16949,2011-12-06,61,0
12891,2011-06-07,3,0
13744,2011-09-05,72,0
13166,2011-03-02,42,0
14995,2011-11-01,61,0
15681,2011-11-21,67,0
13268,2011-11-22,447,0
13731,2011-05-04,38,0
17974,2011-11-15,179,0
16319,2011-05-06,3,0
12648,2011-07-08,21,0
16451,2011-09-13,14,0
16930,2011-11-13,54,0
13504,2011-10-06,22,0
12519,2011-10-07,18,0
15678,2011-10-18,12,0
14158,2011-10-30,41,0
15419,2011-11-15,8,0
12618,2011-11-18,11,0
17449,2011-12-07,279,0
16948,2011-07-24,19,0
16979,2011-12-06,91,0
12352,2011-11-03,95,0
18183,2011-05-05,44,0
14128,2011-10-10,46,0
17429,2011-08-11,42,0
17939,2011-07-03,12,0
17554,2011-12-08,88,0
18268,2011-07-28,2,0
13218,2011-08-04,5,0
13355,2011-08-09,32,0
15480,2011-08-15,45,0
17728,2011-12-06,169,0
15088,2011-11-18,60,0
16171,2011-10-11,3,0
14752,2011-10-27,5,0
15957,2011-11-08,42,0
18274,2011-11-22,22,0
14494,2011-11-14,7,0
17566,2011-12-01,152,0
15725,2011-11-24,32,0
16997,2011-02-24,12,0
17602,2011-12-07,565,0
15656,2011-10-25,47,0
14155,2011-03-18,6,0
17972,2011-04-12,31,0
17664,2011-11-21,43,0
16674,2011-10-16,98,0
16318,2011-11-04,19,0
13958,2010-12-02,5,0
12731,2011-11-16,277,0
14646,2011-12-08,2085,0
15687,2011-12-01,168,0
17771,2011-10-14,54,0
12727,2011-11-29,141,0
17226,2011-02-04,21,0
12653,2011-07-14,43,0
14959,2011-10-11,61,0
16128,2011-11-22,89,0
17856,2011-12-08,17,0
17603,2011-10-20,15,0
15644,2011-06-26,238,0
17906,2011-04-06,12,0
16628,2011-11-10,119,0
15582,2011-11-15,44,0
12353,2011-05-19,4,0
14960,2011-12-01,27,0
13933,2011-08-22,23,0
14768,2011-11-22,6,0
16910,2011-12-05,547,0
15322,2011-10-06,49,0
16119,2011-12-01,16,0
15844,2011-10-24,11,0
14550,2011-11-29,48,0
15872,2011-11-25,128,0
13487,2011-10-13,34,0
12422,2011-09-05,39,0
13707,2011-03-17,48,0
17291,2011-02-04,1,0
14048,2011-03-07,88,0
12897,2011-05-19,4,0
12428,2011-11-14,300,0
15622,2011-12-06,214,0
13588,2011-11-24,180,0
15244,2011-10-05,34,0
14163,2011-09-13,52,0
17115,2011-12-01,43,0
17828,2011-12-01,82,0
15747,2011-11-27,93,0
13513,2011-08-05,10,0
18255,2011-09-11,6,0
14840,2011-03-17,4,0
14862,2011-11-14,48,0
14688,2011-12-02,359,0
13448,2011-11-23,199,0
16676,2011-11-06,92,0
17329,2011-11-25,33,0
15940,2011-02-01,2,0
14211,2011-10-17,118,0
13410,2011-12-01,30,0
17117,2011-02-24,9,0
17817,2011-12-05,33,0
14013,2011-08-21,34,0
15452,2011-11-10,58,0
12690,2011-05-18,16,0
13917,2011-10-21,18,0
12517,2011-11-11,286,0
13154,2011-07-18,1,0
16302,2011-08-24,12,0
16330,2011-11-22,41,0
15216,2011-09-13,2,0
13032,2011-11-01,75,0
14124,2011-09-16,5,0
15763,2011-11-08,63,0
16851,2011-12-05,20,0
13651,2011-11-04,6,0
14666,2011-11-15,14,0
13767,2011-12-07,399,0
14729,2010-12-01,71,0
17412,2011-12-07,66,0
15502,2011-11-24,252,0
17646,2011-05-04,54,0
16885,2011-11-24,101,0
16022,2011-03-24,76,0
13892,2011-11-13,27,0
14593,2011-11-18,152,0
13617,2011-10-30,44,0
14997,2011-10-24,27,0
13575,2011-11-16,46,0
18252,2011-10-20,98,0
16952,2011-08-22,16,0
18261,2011-10-27,21,0
14652,2011-09-23,29,0
15000,2011-10-23,77,0
16241,2011-11-30,662,0
17596,2011-11-16,270,0
15965,2011-11-22,122,0
16086,2011-10-11,40,0
18092,2011-12-07,90,0
15288,2011-10-27,88,0
14684,2011-11-14,421,0
16746,2011-12-05,452,0
17431,2011-01-30,43,0
12598,2011-11-30,133,0
14066,2011-03-18,7,0
17133,2011-11-24,27,0
12909,2011-10-31,96,0
13474,2011-04-17,64,0
14397,2011-12-09,95,0
13466,2011-08-31,18,0
17169,2011-10-20,60,0
12798,2011-11-29,8,0
14690,2011-10-26,54,0
15232,2011-08-18,31,0
18237,2011-12-07,61,0
14772,2011-08-19,9,0
14212,2011-09-11,9,0
17509,2011-10-13,369,0
16846,2011-10-20,11,0
14484,2011-10-20,14,0
17595,2011-11-27,83,0
13066,2011-11-15,49,0
18117,2011-11-14,74,0
12950,2011-12-07,23,0
13758,2011-11-28,117,0
14299,2011-12-01,162,0
18004,2010-12-12,40,0
16202,2010-12-14,18,0
15326,2011-01-10,29,0
12744,2011-10-19,229,0
12574,2011-01-28,11,0
15144,2011-12-01,218,0
15199,2011-10-11,13,0
13475,2011-06-01,86,0
16317,2011-08-12,69,0
16841,2011-11-03,117,0
12361,2011-02-25,10,0
16339,2011-02-28,20,0
16672,2011-12-07,117,0
15045,2011-07-11,13,0
16825,2011-11-01,28,0
15584,2011-11-16,125,0
16305,2011-07-24,22,0
16613,2011-09-30,30,0
13876,2011-10-07,7,0
12953,2011-11-30,17,0
13298,2011-12-08,2,0
12708,2011-11-10,174,0
13854,2011-12-01,114,0
14355,2010-12-09,11,0
16714,2011-05-05,94,0
12645,2011-11-06,74,0
13494,2011-02-01,18,0
16692,2011-03-28,3,0
13751,2011-02-24,9,0
12547,2011-05-26,8,0
15030,2011-09-29,7,0
18270,2011-11-01,13,0
17651,2011-11-28,239,0
13568,2011-06-19,44,0
17695,2011-07-31,35,0
16174,2011-08-05,23,0
17266,2011-12-07,80,0
15958,2011-09-26,7,0
18169,2011-10-10,9,0
16071,2011-10-26,21,0
14820,2011-11-18,29,0
13694,2011-12-06,585,0
16033,2011-12-04,1152,0
15023,2011-12-06,563,0
12720,2011-12-07,359,0
17392,2011-02-06,62,0
14238,2011-01-17,8,0
17829,2011-02-14,30,0
14064,2011-11-10,82,0
16766,2011-03-11,34,0
14875,2011-11-30,50,0
15985,2011-08-08,38,0
14332,2011-11-17,26,0
18143,2011-08-15,61,0
12940,2011-10-24,103,0
16669,2011-11-16,161,0
14014,2011-09-23,39,0
16776,2011-10-10,76,0
15142,2011-10-24,26,0
14416,2011-11-17,14,0
18245,2011-12-02,177,0
12483,2011-11-22,81,0
15661,2011-01-26,5,0
16791,2011-11-10,322,0
17334,2011-02-11,12,0
13684,2011-02-27,31,0
12781,2011-11-18,30,0
15416,2011-10-06,193,0
16957,2011-04-14,16,0
14165,2011-03-09,25,0
16080,2011-09-19,11,0
16778,2011-09-26,16,0
12901,2011-12-01,125,0
14500,2011-09-12,7,0
13131,2011-11-16,46,0
15355,2011-11-10,14,0
12522,2011-10-31,12,0
15450,2011-11-09,30,0
17858,2011-12-04,199,0
13319,2011-12-04,500,0
17975,2011-11-24,297,0
14587,2011-11-21,384,0
16409,2011-11-03,232,0
18017,2011-09-19,3,0
15638,2011-02-11,2,0
13453,2011-06-27,17,0
16709,2011-09-16,79,0
16040,2011-10-05,65,0
12597,2011-11-20,214,0
16384,2011-09-11,33,0
14535,2011-10-11,333,0
16454,2011-10-26,3,0
15143,2011-04-28,14,0
13867,2011-11-08,61,0
13052,2011-05-11,18,0
15537,2011-06-29,24,0
17649,2011-07-28,53,0
13099,2011-09-01,1,0
17279,2011-10-13,9,0
13705,2011-12-02,28,0
14142,2010-12-01,22,0
13305,2011-12-05,81,0
13102,2011-12-08,310,0
12348,2011-09-25,31,0
14794,2011-12-07,82,0
17994,2011-08-10,84,0
15521,2011-11-03,200,0
18263,2011-11-16,62,0
17120,2011-04-20,18,0
17360,2011-11-22,132,0
16794,2011-12-08,287,0
13849,2011-10-19,101,0
14029,2011-10-07,15,0
16557,2011-11-15,11,0
15075,2011-09-23,27,0
17520,2011-10-17,30,0
15598,2011-11-04,16,0
13594,2011-10-18,26,0
13318,2011-12-08,20,0
16666,2011-11-20,32,0
15605,2011-11-03,67,0
14625,2011-06-07,57,0
16700,2011-12-01,312,0
18230,2011-11-30,89,0
17912,2011-02-02,40,0
13611,2011-09-11,76,0
12939,2011-10-06,47,0
13883,2011-12-08,155,0
12908,2011-10-12,4,0
15421,2011-10-12,53,0
14540,2011-11-30,76,0
16084,2011-02-13,38,0
16859,2011-08-25,72,0
16774,2011-10-03,49,0
14285,2011-11-18,27,0
13507,2011-12-06,162,0
17553,2011-08-02,2,0
15573,2011-11-08,104,0
16281,2011-09-28,17,0
15610,2011-10-19,6,0
16855,2011-11-16,19,0
15865,2011-10-30,40,0
13408,2011-12-08,501,0
15769,2011-12-02,147,0
15002,2011-08-16,115,0
15532,2011-11-14,263,0
13675,2011-07-11,25,0
16187,2011-11-08,297,0
17060,2011-03-18,5,0
16633,2011-11-22,153,0
12694,2011-09-30,37,0
17242,2011-08-23,40,0
12418,2011-08-19,34,0
13130,2011-09-06,2,0
18251,2011-09-13,16,0
17144,2011-12-08,48,0
15429,2011-11-13,83,0
16591,2011-10-02,10,0
15886,2011-10-10,12,0
17495,2011-12-02,27,0
16423,2011-11-15,18,0
12920,2011-11-22,28,0
14804,2011-12-01,12,0
13108,2010-12-02,10,0
13418,2011-11-28,314,0
15299,2011-10-03,12,0
16995,2010-12-02,1,0
14440,2011-12-01,55,0
12476,2011-12-08,264,0
16560,2011-11-18,58,0
15719,2011-11-07,938,0
13784,2011-11-30,31,0
16554,2011-12-06,74,0
15146,2011-06-28,95,0
17043,2011-11-07,102,0
15756,2011-10-09,192,0
15737,2011-11-25,81,0
17278,2011-04-12,15,0
18220,2011-05-04,4,0
14240,2011-11-09,42,0
14873,2011-05-13,28,0
12453,2011-07-28,43,0
12743,2011-07-28,134,0
18167,2011-12-06,43,0
12488,2011-11-30,55,0
17805,2011-09-27,10,0
15667,2011-10-31,13,0
13436,2011-12-08,12,0
12779,2011-11-18,159,0
15351,2011-11-27,233,0
13579,2011-11-25,23,0
15224,2010-12-16,16,0
13198,2011-11-29,229,0
14944,2011-11-10,172,0
16600,2011-12-05,62,0
17634,2011-11-03,297,0
12359,2011-12-02,254,0
13551,2011-01-24,4,0
14346,2011-08-11,60,0
13421,2011-10-30,105,0
12565,2011-03-03,10,0
17639,2011-03-08,7,0
13515,2011-09-28,59,0
17061,2011-09-27,101,0
16823,2011-04-26,38,0
17723,2011-08-04,10,0
13398,2011-05-31,26,0
12624,2011-08-25,38,0
12465,2011-12-02,51,0
16066,2011-11-23,102,0
17073,2011-11-22,174,0
13503,2011-09-29,17,0
16416,2011-11-13,73,0
17684,2011-10-27,15,0
15423,2011-11-01,2,0
14385,2011-11-30,14,0
16041,2011-11-09,6,0
14606,2011-12-08,2782,0
16719,2011-11-25,203,0
17937,2011-12-01,43,0
13221,2011-04-13,66,0
15246,2011-04-15,33,0
12705,2011-11-24,348,0
13397,2011-09-28,39,0
17988,2011-11-28,39,0
13898,2011-01-18,12,0
13002,2011-01-25,7,0
13137,2011-11-29,705,0
15228,2011-10-04,126,0
16096,2011-03-20,12,0
17966,2011-11-02,68,0
13736,2011-12-04,194,0
15530,2011-11-18,108,0
16209,2011-09-12,46,0
18080,2011-11-21,2,0
16103,2011-12-02,48,0
16146,2011-07-05,29,0
14689,2011-05-15,13,0
14888,2011-05-16,20,0
13135,2011-05-27,1,0
16483,2011-05-31,19,0
15405,2011-06-03,8,0
15921,2011-06-20,25,0
12378,2011-08-02,219,0
17747,2011-08-31,2,0
12895,2011-10-28,24,0
15341,2011-09-20,17,0
16595,2011-10-09,85,0
16790,2011-12-06,95,0
18239,2011-05-05,88,0
17869,2011-08-24,40,0
17262,2011-10-18,12,0
18269,2010-12-16,8,0
15380,2011-12-01,37,0
13890,2011-12-08,114,0
12931,2011-11-18,102,0
12539,2011-11-17,274,0
15316,2011-01-17,1,0
17711,2011-11-29,23,0
17107,2011-11-07,421,0
18189,2011-09-23,69,0
13484,2011-04-12,8,0
13055,2011-10-06,78,0
12876,2011-10-13,85,0
16323,2011-05-27,1,0
18072,2011-07-07,36,0
15007,2011-07-03,12,0
17040,2011-07-25,15,0
17248,2011-08-11,69,0
15344,2011-12-09,32,0
14424,2011-11-22,1,0
18249,2011-11-22,8,0
16926,2010-12-03,14,0
13426,2011-12-09,159,0
16532,2011-11-22,4,0
14312,2011-10-24,87,0
18032,2011-01-09,5,0
16315,2011-01-13,14,0
18233,2011-01-18,1,0
17929,2011-11-28,6,0
17282,2011-08-01,94,0
17323,2011-11-24,204,0
14747,2011-04-06,19,0
13632,2011-11-15,147,0
15665,2011-06-24,116,0
14759,2011-12-05,102,0
12590,2011-06-02,70,0
14816,2011-05-26,4,0
18262,2011-07-22,13,0
15690,2011-12-05,19,0
16629,2011-09-27,64,0
14360,2011-11-08,118,0
14015,2011-10-18,20,0
17712,2011-10-26,29,0
16648,2011-11-01,21,0
17503,2011-12-07,38,0
18181,2011-11-15,44,0
17600,2011-11-22,13,0
15983,2011-11-17,113,0
18229,2011-11-28,164,0
17428,2011-12-09,343,0
14032,2011-12-07,152,0
13230,2011-12-05,612,0
15789,2010-12-16,25,0
13742,2011-11-23,323,0
13615,2011-01-31,24,0
15218,2011-11-29,166,0
17604,2011-05-06,63,0
17612,2011-10-17,142,0
13904,2011-11-02,26,0
18188,2011-11-24,72,0
17733,2011-11-01,35,0
14129,2011-12-08,52,0
17212,2011-03-31,4,0
17440,2011-07-15,8,0
15187,2011-12-08,93,0
13243,2011-05-20,58,0
13686,2011-06-10,8,0
14716,2011-10-27,55,0
12521,2011-07-20,38,0
13411,2011-08-24,18,0
13670,2011-09-25,25,0
16354,2011-10-07,39,0
16688,2011-12-08,62,0
13278,2011-10-30,46,0
14098,2011-11-03,21,0
13721,2011-11-03,28,0
13832,2011-11-22,4,0
16959,2011-09-13,7,0
15111,2011-11-10,84,0
17547,2010-12-02,2,0
13838,2011-12-04,174,0
15529,2011-11-17,674,0
14410,2011-11-24,287,0
12759,2011-10-18,95,0
15367,2011-10-13,96,0
14408,2011-11-29,107,0
13462,2011-06-09,10,0
15754,2011-10-20,29,0
13308,2011-11-17,57,0
16050,2011-06-19,10,0
14947,2011-09-28,14,0
15541,2011-08-17,29,0
14488,2011-10-19,49,0
15637,2011-10-18,15,0
14698,2011-12-08,210,0
15360,2011-10-31,13,0
17219,2011-11-08,25,0
14581,2011-11-23,17,0
15867,2011-12-04,463,0
15822,2011-12-06,33,0
17204,2011-06-23,67,0
12609,2011-09-22,60,0
17075,2011-11-22,80,0
16142,2011-04-04,37,0
16226,2011-05-20,8,0
13300,2011-06-28,22,0
14259,2011-07-21,5,0
17172,2011-09-26,16,0
15807,2011-10-20,48,0
12783,2011-12-07,86,0
15803,2011-10-19,8,0
18104,2011-11-02,38,0
12985,2011-12-09,78,0
14829,2011-11-10,45,0
16839,2011-12-01,298,0
13495,2011-12-02,52,0
16059,2011-10-05,180,0
12942,2011-07-31,75,0
12755,2011-04-04,6,0
14505,2011-11-22,803,0
18037,2011-07-08,19,0
16810,2011-05-31,16,0
15034,2011-11-24,400,0
14532,2011-04-17,64,0
12728,2011-09-29,46,0
16206,2011-10-16,63,0
14101,2011-09-27,35,0
17142,2011-04-14,15,0
13642,2011-05-08,66,0
14288,2011-05-11,17,0
17190,2011-10-12,20,0
16324,2011-08-03,118,0
12922,2011-07-01,28,0
12641,2011-08-16,10,0
15978,2011-09-23,49,0
16169,2011-12-01,85,0
13558,2011-12-04,175,0
15297,2011-11-29,41,0
13193,2011-10-09,29,0
16932,2011-10-17,53,0
16337,2011-11-03,10,0
17420,2011-10-20,30,0
15373,2011-12-01,137,0
16140,2011-10-18,37,0
16252,2010-12-08,21,0
17456,2010-12-09,17,0
14413,2010-12-12,23,0
18050,2010-12-15,5,0
12553,2011-12-01,196,0
16378,2011-04-06,23,0
17302,2011-11-25,81,0
14880,2011-09-23,47,0
16915,2011-11-30,57,0
13373,2011-10-10,158,0
13499,2011-11-22,45,0
13695,2011-11-08,90,0
16249,2011-10-18,69,0
15630,2011-10-25,61,0
16038,2011-12-02,28,0
17490,2011-12-09,86,0
15342,2011-08-15,26,0
15975,2011-09-16,24,0
14910,2011-12-07,35,0
13601,2011-10-25,99,0
16781,2010-12-09,19,0
16221,2011-11-03,97,0
16125,2010-12-07,13,0
14498,2011-10-28,193,0
13869,2011-08-08,307,0
17515,2011-11-08,87,0
12990,2011-11-08,13,0
16592,2011-12-05,222,0
16159,2011-03-03,14,0
17416,2011-11-10,271,0
12573,2011-04-26,28,0
13976,2011-05-17,10,0
13517,2011-10-11,143,0
15036,2011-09-28,127,0
13919,2011-10-17,33,0
13927,2011-09-26,21,0
18005,2011-12-06,60,0
18105,2011-11-02,18,0
17359,2011-11-28,15,0
14022,2011-04-28,28,0
14031,2011-12-02,258,0
17659,2011-12-06,161,0
13295,2010-12-15,11,0
15181,2011-10-04,18,0
12867,2011-11-13,551,0
13496,2011-11-29,36,0
17230,2011-03-20,73,0
13502,2011-11-23,18,0
14088,2011-11-29,590,0
14006,2011-08-16,30,0
15796,2011-12-08,135,0
16807,2011-07-20,67,0
13650,2011-11-23,98,0
14021,2011-07-07,22,0
13505,2011-10-03,227,0
13417,2011-12-05,28,0
17871,2011-05-19,10,0
16275,2011-05-27,33,0
14765,2011-11-10,39,0
17887,2011-08-02,10,0
13812,2011-10-28,36,0
14333,2011-10-06,19,0
14893,2011-11-30,73,0
15427,2011-11-06,306,0
17760,2011-11-18,25,0
16385,2011-10-10,59,0
12724,2011-12-04,53,0
13718,2011-04-07,12,0
14570,2011-03-04,29,0
14655,2011-12-06,50,0
12886,2011-10-03,86,0
17047,2011-09-15,65,0
14451,2011-10-10,109,0
17892,2011-10-14,28,0
12814,2011-08-30,2,0
14894,2011-09-15,23,0
13297,2011-12-02,59,0
16708,2011-10-25,27,0
13047,2011-11-08,196,0
15485,2011-11-09,86,0
16048,2011-09-15,9,0
16477,2011-10-07,146,0
16327,2011-11-25,319,0
14206,2011-04-14,21,0
16711,2011-12-06,22,0
15139,2011-04-14,13,0
14738,2011-10-31,56,0
13911,2011-10-13,148,0
14600,2011-02-07,25,0
16061,2011-03-15,1,0
13196,2011-11-28,110,0
15442,2011-04-05,2,0
14912,2011-11-23,28,0
15414,2011-11-30,39,0
17187,2011-04-27,10,0
13524,2011-10-30,27,0
14988,2011-05-12,40,0
15925,2011-05-29,12,0
13248,2011-08-07,26,0
16872,2011-09-23,7,0
17997,2011-09-26,180,0
17448,2011-07-18,1,0
16147,2011-07-29,22,0
12526,2011-12-09,71,0
16360,2011-12-05,671,0
16627,2011-09-21,20,0
15571,2011-11-28,57,0
16412,2011-10-17,35,0
13182,2011-10-25,11,0
14345,2011-11-01,6,0
14902,2011-11-18,24,0
16247,2011-06-22,16,0
13798,2011-12-08,439,0
13497,2011-03-02,20,0
17419,2011-11-28,208,0
13807,2010-12-07,7,0
17340,2011-11-30,424,0
14448,2011-11-30,20,0
13565,2011-11-20,38,0
14320,2011-05-17,42,0
13703,2011-01-25,1,0
18246,2011-11-16,4,0
12360,2011-10-18,129,0
16091,2011-07-08,18,0
15804,2011-12-09,274,0
13431,2011-10-03,46,0
15707,2011-11-04,214,0
13519,2011-10-20,9,0
13801,2011-10-04,23,0
15096,2011-10-28,11,0
17084,2011-11-04,162,0
18225,2011-12-06,286,0
14161,2011-05-08,108,0
13136,2011-10-20,139,0
13787,2011-09-25,31,0
13959,2011-09-21,92,0
13225,2011-12-06,34,0
15468,2011-11-04,29,0
15046,2011-11-30,207,0
17540,2011-12-01,26,0
15543,2011-02-24,28,0
16005,2011-11-27,218,0
17725,2011-11-23,198,0
17042,2011-12-07,98,0
15027,2011-11-09,37,0
15840,2011-10-12,28,0
13644,2011-12-01,148,0
14261,2011-10-20,52,0
13759,2011-11-06,25,0
17534,2011-10-17,9,0
17111,2011-10-23,30,0
14953,2011-11-14,55,0
17019,2011-11-28,234,0
12681,2011-11-25,646,0
13786,2010-12-07,7,0
14437,2011-07-19,6,0
17865,2011-11-09,389,0
15547,2011-12-02,702,0
12434,2011-09-16,54,0
13680,2011-12-08,216,0
16387,2011-01-21,4,0
17277,2011-04-26,69,0
16043,2011-11-02,39,0
17562,2011-11-25,64,0
12424,2011-06-30,30,0
14301,2011-08-24,16,0
13402,2011-08-04,39,0
15628,2011-12-05,157,0
16065,2010-12-09,74,0
13097,2011-11-07,437,0
16037,2011-03-15,39,0
15281,2011-10-12,150,0
18136,2011-10-07,39,0
14665,2011-10-10,117,0
13706,2011-02-10,20,0
17462,2011-10-19,28,0
13072,2011-03-18,7,0
18165,2011-06-15,10,0
14265,2011-08-22,31,0
13930,2011-10-13,17,0
16447,2011-07-27,36,0
16641,2011-08-26,12,0
13778,2011-08-28,9,0
16020,2011-11-23,46,0
13845,2011-10-06,9,0
18168,2011-06-16,140,0
15716,2011-07-17,118,0
14487,2011-11-13,145,0
12551,2010-12-17,10,0
15606,2011-10-13,91,0
13249,2011-09-08,23,0
15651,2011-11-03,32,0
17765,2011-07-04,57,0
13962,2011-11-18,11,0
16205,2011-11-09,98,0
14434,2011-11-18,12,0
17459,2011-10-27,111,0
14537,2011-10-13,10,0
13103,2011-10-31,8,0
15017,2011-11-06,20,0
17011,2011-11-09,15,0
15758,2011-11-15,9,0
12445,2011-11-17,4,0
12660,2011-11-28,13,0
17806,2011-11-28,43,0
16393,2011-12-07,358,0
16658,2010-12-06,8,0
13267,2011-12-07,224,0
15347,2010-12-08,5,0
17739,2011-11-28,48,0
15157,2011-12-06,133,0
15110,2011-11-16,40,0
13837,2011-05-12,19,0
13728,2011-11-03,63,0
14194,2011-12-05,604,0
13792,2011-10-04,13,0
14297,2011-11-22,64,0
14633,2011-03-18,20,0
13482,2011-04-21,11,0
16877,2011-11-27,159,0
14837,2011-09-11,110,0
16107,2011-11-22,31,0
13583,2011-07-07,53,0
18122,2011-12-01,364,0
17267,2011-08-04,38,0
13045,2011-09-01,18,0
13210,2011-09-07,22,0
14780,2011-10-16,27,0
14592,2011-11-04,164,0
14001,2011-10-25,40,0
14865,2011-12-02,4,0
14506,2011-11-22,316,0
13481,2011-10-25,112,0
15649,2011-01-07,2,0
15856,2011-12-05,653,0
14702,2011-12-08,348,0
18116,2011-10-03,378,0
17517,2011-02-04,11,0
13725,2011-10-21,118,0
15970,2011-02-09,11,0
14465,2011-04-07,130,0
18231,2011-05-31,126,0
14473,2011-09-26,7,0
17508,2011-03-04,22,0
13344,2011-10-03,119,0
15182,2011-07-08,29,0
17492,2011-04-05,12,0
15917,2011-04-06,12,0
17045,2011-08-18,22,0
18204,2011-09-29,202,0
17173,2011-12-04,87,0
13307,2011-08-11,1,0
15933,2011-11-18,74,0
13083,2011-12-05,18,0
16079,2011-11-23,21,0
14661,2011-11-13,4,0
12702,2011-11-20,12,0
16539,2011-12-07,45,0
12725,2010-12-03,24,0
15545,2011-10-16,81,0
14293,2011-12-06,61,0
13488,2011-11-22,427,0
18259,2011-11-15,42,0
15298,2011-12-07,194,0
17999,2011-11-02,93,0
16442,2011-12-08,174,0
18141,2010-12-14,1,0
13048,2011-11-25,137,0
14049,2011-11-23,505,0
12373,2011-02-01,14,0
17337,2011-07-11,548,0
15245,2011-07-28,89,0
17956,2011-04-04,1,0
12580,2011-04-07,24,0
16806,2011-08-28,103,0
17582,2011-04-17,29,0
13376,2011-09-01,53,0
16007,2011-10-23,385,0
13618,2011-06-19,13,0
12981,2011-11-10,20,0
13236,2011-11-15,39,0
18158,2011-11-30,35,0
13704,2011-12-04,135,0
18096,2011-11-28,213,0
17668,2011-12-08,15,0
12868,2011-06-07,107,0
15838,2011-11-28,169,0
17685,2011-11-23,130,0
15194,2011-12-06,326,0
13209,2011-11-09,329,0
15512,2011-07-07,7,0
15197,2011-12-01,36,0
16282,2011-01-04,11,0
14656,2011-06-23,80,0
17979,2011-11-04,147,0
14154,2011-04-14,52,0
14191,2011-12-08,263,0
12821,2011-05-09,6,0
17483,2011-10-05,21,0
18265,2011-09-28,46,0
17309,2011-09-05,12,0
12719,2011-12-04,42,0
17295,2011-11-11,69,0
13685,2011-12-07,39,0
15604,2011-10-18,17,0
13245,2011-10-20,16,0
15320,2011-10-26,36,0
16347,2011-11-28,92,0
17052,2011-11-11,92,0
17985,2011-11-17,23,0
17247,2011-11-24,55,0
15883,2011-12-07,49,0
18074,2010-12-01,13,0
13747,2010-12-01,1,0
17135,2011-11-23,52,0
17969,2011-06-26,14,0
12626,2011-11-16,307,0
14548,2011-07-12,4,0
12591,2011-01-26,26,0
17446,2011-06-16,9,0
16951,2011-08-08,87,0
17940,2011-10-21,23,0
18172,2011-11-25,197,0
17516,2011-11-24,137,0
14883,2011-11-21,54,0
12757,2011-11-24,377,0
14972,2011-08-03,18,0
13470,2011-09-01,10,0
16460,2011-11-11,135,0
16268,2011-09-29,45,0
18164,2011-11-08,25,0
15862,2011-12-01,147,0
12427,2011-11-28,35,0
17949,2011-12-08,79,0
12621,2011-12-08,474,0
13266,2011-11-28,202,0
17585,2011-08-22,214,0
12693,2011-08-11,41,0
13581,2011-02-03,10,0
16494,2011-02-16,50,0
17171,2011-02-23,16,0
17325,2011-03-04,6,0
16620,2011-12-06,9,0
15083,2011-03-28,5,0
14964,2011-04-06,13,0
14931,2011-12-05,42,0
17588,2011-08-31,23,0
16642,2011-12-05,35,0
14463,2011-09-02,6,0
13434,2011-09-26,10,0
15136,2011-12-07,69,0
16758,2011-10-05,22,0
16491,2011-10-24,39,0
13603,2011-11-13,27,0
16928,2011-09-20,213,0
16550,2011-08-23,261,0
17519,2011-11-22,83,0
15660,2011-11-14,94,0
15811,2011-11-22,139,0
15950,2011-12-08,103,0
15033,2011-12-05,513,0
12707,2011-02-21,33,0
16014,2011-11-04,148,0
15445,2011-03-20,5,0
16818,2011-11-29,191,0
17193,2011-11-04,35,0
12432,2011-10-28,108,0
16929,2011-12-06,77,0
15706,2011-10-11,59,0
17498,2011-09-25,17,0
14412,2011-11-04,45,0
12824,2011-10-11,25,0
16602,2011-11-08,32,0
16207,2011-11-14,19,0
17896,2011-11-16,2,0
16357,2011-11-06,34,0
17838,2011-11-13,137,0
13880,2011-11-18,165,0
13983,2011-11-10,112,0
13922,2010-12-23,7,0
17555,2011-11-20,106,0
12916,2011-07-24,109,0
14805,2011-11-24,47,0
12857,2011-05-13,46,0
14631,2011-10-20,41,0
18155,2011-09-25,28,0
12933,2011-11-15,107,0
14226,2011-11-11,73,0
17716,2011-11-17,254,0
17763,2011-03-21,1,0
16224,2011-10-13,96,0
12447,2011-04-10,26,0
15730,2011-10-05,73,0
15123,2011-12-02,106,0
16763,2011-06-07,24,0
14597,2011-11-28,55,0
12930,2011-09-22,27,0
12405,2011-07-14,54,0
12991,2011-11-16,31,0
13095,2011-09-30,6,0
14598,2011-10-26,50,0
16971,2011-12-07,42,0
13673,2011-11-21,65,0
16070,2011-11-17,33,0
14140,2011-12-06,67,0
16817,2011-12-07,95,0
12839,2011-12-07,316,0
16679,2010-12-08,3,0
15290,2011-12-05,212,0
17090,2011-12-05,64,0
13082,2011-08-05,75,0
14828,2011-05-27,17,0
16618,2011-11-08,97,0
12599,2011-11-10,62,0
14934,2011-09-28,88,0
14012,2011-03-07,11,0
17678,2011-03-21,16,0
16584,2011-09-20,31,0
15364,2011-09-05,29,0
13015,2011-10-17,176,0
13712,2011-04-07,10,0
14981,2011-04-07,8,0
13508,2011-04-10,12,0
12363,2011-08-22,23,0
12622,2011-04-21,11,0
16610,2011-05-04,6,0
17174,2011-05-06,4,0
12381,2011-12-05,91,0
12962,2011-12-02,16,0
18034,2011-11-18,112,0
17301,2011-11-18,66,0
16210,2011-12-08,123,0
16858,2010-12-08,13,0
14952,2011-10-24,149,0
17284,2011-10-10,294,0
14167,2011-10-31,52,0
14779,2011-03-04,41,0
16349,2011-02-22,9,0
13493,2011-03-09,8,0
17351,2011-11-03,27,0
16586,2011-04-05,8,0
13637,2011-10-18,101,0
14515,2011-11-22,101,0
13888,2011-08-12,40,0
14145,2011-10-24,12,0
15440,2011-10-16,62,0
16689,2011-09-25,16,0
13354,2011-09-29,51,0
13810,2011-11-11,36,0
13878,2011-10-16,36,0
16363,2011-10-17,5,0
17081,2011-11-14,64,0
15345,2011-11-04,23,0
16751,2011-11-09,25,0
12442,2011-12-06,12,0
